basin,name,NSE_ts0,KGE_ts0,NSE_ts1,KGE_ts1,NSE_ts2,KGE_ts2,NSE_ts3,KGE_ts3,NSE_ts4,KGE_ts4,NSE_ts5,KGE_ts5,NSE_ts6,KGE_ts6,NSE_ts7,KGE_ts7
camels_10336645,,0.6416518092155457,0.6310317022921347,0.6179488301277161,0.5889531857509471,0.6546679735183716,0.6177242304878977,0.665753960609436,0.6369571647762089,0.6768255233764648,0.656877331524486,0.6734600067138672,0.6582958129127623,0.6702699661254883,0.6674186999181536,0.6331576108932495,0.6471034670909015
camels_10336660,,0.685025691986084,0.6635381997486867,0.6645606756210327,0.6447032883661801,0.686841607093811,0.668765586643931,0.6952416896820068,0.6882840933487242,0.6997660994529724,0.7085267918582996,0.7101491689682007,0.7166579883048585,0.6902792453765869,0.7233749621995071,0.6732146143913269,0.7141723176645449
camels_10343500,,0.6962670087814331,0.628181683027814,0.6879725456237793,0.6064013560115904,0.6991589665412903,0.6098975816128379,0.696171224117279,0.6177482040227914,0.7075655460357666,0.6389562746610378,0.696580171585083,0.6311666566668048,0.694233775138855,0.6363341203931776,0.6820632219314575,0.6275329702362475
camels_11124500,,,,,,,,,,,,,,,,,
camels_11141280,,,,,,,,,,,,,,,,,
camels_11143000,,,,,,,,,,,,,,,,,
camels_11148900,,0.39300358295440674,0.3326336638017514,0.32118427753448486,0.29857948057702477,0.31271082162857056,0.301771556215899,0.2943822145462036,0.33663218313899945,0.2883208990097046,0.3070079863280477,0.3121594190597534,0.31108293489469463,0.34303921461105347,0.3471689274180796,0.2901414632797241,0.2538336344800416
camels_11151300,,,,,,,,,,,,,,,,,
camels_11176400,,,,,,,,,,,,,,,,,
camels_11230500,Bear Ck,0.9202825427055359,0.8390726763970519,0.9258626699447632,0.841682946054903,0.9307111501693726,0.8346407345502982,0.930514931678772,0.8316378985313744,0.9284252524375916,0.8277361997497737,0.9172202348709106,0.8070283210451579,0.9092837572097778,0.7983074075770193,0.9028440117835999,0.7861278482255573
camels_11237500,Pitman Ck,0.7877868413925171,0.6552227154837658,0.797889232635498,0.6635705203410495,0.78655606508255,0.6335138160036229,0.7672094106674194,0.5940455264497144,0.7545154690742493,0.5700800050821294,0.7333478927612305,0.5323071957442544,0.7218223214149475,0.5121213665520135,0.7049764394760132,0.49060393534960944
camels_11264500,Merced @ Happy Isles,0.8609760999679565,0.6513378679225142,0.8541978001594543,0.6349601039416348,0.857008159160614,0.6362730729646737,0.8561961054801941,0.6345711068386799,0.8581230640411377,0.6380843943316384,0.8500519394874573,0.6295307796872219,0.848640501499176,0.6341791221187172,0.8438403606414795,0.6356341238493464
camels_11266500,Merced @ Pohono,0.8193726539611816,0.6351245460970475,0.8095169067382812,0.6132975109706237,0.8095659017562866,0.6137112011690025,0.8088552355766296,0.6104902165188453,0.81141597032547,0.6147508512725433,0.8018146753311157,0.6046598813503619,0.7994580268859863,0.6053211374993892,0.7919732332229614,0.6019323045599766
camels_11284400,,,,,,,,,,,,,,,,,
camels_11381500,Mill Ck (rain),0.7256634831428528,0.8117719915489332,0.6184162497520447,0.7444591174920121,0.6190040111541748,0.7369603283392459,0.6056684255599976,0.7303584504181762,0.6529488563537598,0.7488566704058313,0.6661900281906128,0.7939642060611825,0.5801264047622681,0.7487767759992702,0.51187664270401,0.6778014512943653
camels_11451100,,0.7322677373886108,0.8136655456690283,0.618218183517456,0.7662280210842571,0.6318907737731934,0.7614492705108045,0.5785833597183228,0.7236727281690918,0.5890747308731079,0.7087144503371077,0.529936671257019,0.6629094682746144,0.5289190411567688,0.6383243891361433,0.4133750796318054,0.6030866003215667
camels_11468500,,0.7736630439758301,0.8612772403642557,0.6675515174865723,0.8029045423476123,0.6958354711532593,0.7878422358509738,0.6568582653999329,0.7946803561456264,0.6158719658851624,0.7928543317024244,0.6371107697486877,0.8051710965903824,0.4776284098625183,0.7396268706157705,0.3882652521133423,0.6993100069435216
camels_11473900,,0.7287805080413818,0.7683614258109135,0.6632524728775024,0.7386670892808684,0.6717575788497925,0.702421720208859,0.663384199142456,0.7108611903522031,0.6643297076225281,0.6985553403443489,0.6602615118026733,0.7239775904288901,0.6299206018447876,0.7240674906455093,0.5542707443237305,0.7193553870243242
camels_11475560,,0.7283935546875,0.846719546548578,0.6508675217628479,0.812830262175088,0.6543484330177307,0.7994939656785167,0.6254048347473145,0.7997684139456356,0.6458410620689392,0.8032911528730945,0.6432220935821533,0.813931876072459,0.5456448197364807,0.7683192617529933,0.4420141577720642,0.731562525579345
camels_11476600,,0.7683460712432861,0.7844904292892093,0.6861120462417603,0.7490202462365844,0.6883092522621155,0.7535976800403495,0.6623131036758423,0.7612724263053813,0.7077856063842773,0.7691870770012822,0.6383845806121826,0.7496420770061225,0.5419011116027832,0.7381046094161016,0.491394579410553,0.7404949089340217
camels_11478500,,0.7586885690689087,0.73491344610338,0.653572678565979,0.6873192118027471,0.6378609538078308,0.6550979520592807,0.6055352687835693,0.6749585604493843,0.641560435295105,0.671409505696084,0.6218518018722534,0.6753704765871467,0.5679692029953003,0.6883531175248505,0.5031024217605591,0.6963573544856622
camels_11480390,,0.7712443470954895,0.752107172463936,0.6674175262451172,0.6978932148620483,0.6509988903999329,0.6779065216234368,0.6340783834457397,0.7129726007934785,0.6525033712387085,0.7188007612472029,0.6597769260406494,0.7524095965776149,0.6104681491851807,0.7489186071696011,0.5902535915374756,0.7543143901790915
camels_11481200,,0.740408718585968,0.8456412330853341,0.6283949613571167,0.7616348336197232,0.6134934425354004,0.7444172090062059,0.5486064553260803,0.7425655043921545,0.5585634708404541,0.7423175359427432,0.5172874927520752,0.7297095059658973,0.44526922702789307,0.7058108127959255,0.3425605297088623,0.6754247717794036
camels_11482500,,0.8649231195449829,0.8475149699722695,0.7987066507339478,0.7999768881442669,0.7770364880561829,0.7660785852097505,0.7619330286979675,0.7795251997730914,0.7623903155326843,0.7611093574742,0.7557108998298645,0.7565869988978435,0.7031041383743286,0.7413433629695945,0.625510573387146,0.7569007270445882
camels_11522500,,0.8117485642433167,0.8747334342345698,0.7741392850875854,0.8556904237427132,0.7656022906303406,0.8208687622793034,0.7481971979141235,0.8192370814070086,0.7436786890029907,0.7866883110974965,0.726057767868042,0.7740234272791173,0.7133350372314453,0.758679642572308,0.6252487897872925,0.7542730673481464
camels_11523200,,0.7499185800552368,0.8443332949950009,0.7274354100227356,0.838784302730222,0.7244830131530762,0.842994911086119,0.7063174247741699,0.8369402249700274,0.7278033494949341,0.8445952988292706,0.702751874923706,0.8316162379285457,0.6990687251091003,0.8279175276620034,0.6231682896614075,0.7957051020147167
camels_11528700,,0.8255980014801025,0.850424990355393,0.7827630043029785,0.8325538003019771,0.7841916084289551,0.8067064300923279,0.7652238607406616,0.8205082549888245,0.778664231300354,0.7901033455538975,0.7699824571609497,0.8062851830094212,0.7221510410308838,0.796693351244641,0.604230523109436,0.7729917996864731
camels_11532500,,0.727509617805481,0.7037536727352292,0.6512248516082764,0.671554449526711,0.6274564266204834,0.6478361292881738,0.6088086366653442,0.652776237067356,0.6050615310668945,0.6261227049124813,0.5879758596420288,0.6374162376100657,0.5313934087753296,0.6268733843801643,0.43915218114852905,0.6459225014195993
