basin,name,alpha,1,damped_1,2,damped_2,3,damped_3,4,damped_4,5,damped_5,6,damped_6,7,damped_7
camels_10336645,,0.8448849612239314,0.7846968173980713,0.7978297561703714,0.47855544090270996,0.5587824393895231,0.30409079790115356,0.4475535958567548,0.21080750226974487,0.39512837876045237,0.1560690999031067,0.3632781006706467,0.08908164501190186,0.32734409143484444,0.014730274677276611,0.2926809146771877
camels_10336660,,0.7972592972601902,0.7707590460777283,0.7842019600780791,0.5175709128379822,0.5866803844595643,0.39632993936538696,0.4987155870061797,0.34226298332214355,0.449080613853886,0.33264535665512085,0.4160404665495141,0.2889499068260193,0.37376925986867326,0.20764660835266113,0.32970222273005045
camels_10343500,,0.8428508765862103,0.9109435677528381,0.9028644401095199,0.7925453782081604,0.7776778677270613,0.7183319330215454,0.687531939147735,0.6631044745445251,0.6108640445505353,0.622101902961731,0.5443810403888099,0.5805312395095825,0.4821213884701243,0.533377468585968,0.4240809215762231
camels_11124500,,0.6746848869232048,,,,,,,,,,,,,,
camels_11141280,,0.7070256062673219,,,,,,,,,,,,,,
camels_11143000,,0.8469580434144833,,,,,,,,,,,,,,
camels_11148900,,0.6077159293654575,0.05050528049468994,0.2751234081678279,-0.29867029190063477,0.13812330981668475,-0.33976900577545166,0.12126116231868023,-0.2071315050125122,0.11864913579561764,-0.27781498432159424,0.08577896667957441,-0.5180329084396362,0.05688200243996644,-0.5016849040985107,0.05091321114282765
camels_11151300,,0.4323226901609749,,,,,,,,,,,,,,
camels_11176400,,0.668880641457187,,,,,,,,,,,,,,
camels_11230500,Bear Ck nr Lk Edison,0.9616097138084827,0.9777917861938477,0.9779807121859454,0.9351484179496765,0.9374604794853555,0.8866317868232727,0.8935803021539869,0.8385549187660217,0.8522914212798031,0.7917673587799072,0.8142016260442,0.751611590385437,0.7833708259477956,0.7223663330078125,0.7624221430445518
camels_11237500,Pitman Ck,0.8938175882993996,0.90677410364151,0.9081553797507487,0.794980525970459,0.8056494972633086,0.7366551160812378,0.7501859197484083,0.6927627325057983,0.705032774553642,0.6450194120407104,0.6580675658845668,0.5990071296691895,0.6139389175819288,0.5596266984939575,0.5752897116862612
camels_11264500,Merced @ Happy Isles,0.9435632474699933,0.9582360982894897,0.9585293448073434,0.8948254585266113,0.8985388581027679,0.8357208967208862,0.8453327844595899,0.7831475734710693,0.8000622766590568,0.7333512306213379,0.7590687909012566,0.6867905855178833,0.7223738625537044,0.6485092639923096,0.693009604519587
camels_11266500,Merced @ Pohono,0.930920095274036,0.944469690322876,0.9448012740634723,0.8644432425498962,0.8694266813122957,0.8034019470214844,0.8138889833274529,0.7521986961364746,0.7682192673269789,0.7020889520645142,0.7250000728902397,0.6522421836853027,0.683787201920287,0.6101671457290649,0.6492878828937722
camels_11284400,,0.6407786818320537,,,,,,,,,,,,,,
camels_11381500,Mill Ck (rain),0.7313908786488877,0.5406757593154907,0.5941695427367906,0.15734374523162842,0.3402770548658921,-0.05937695503234863,0.22797544737604347,-0.1995103359222412,0.16525836061535026,-0.23351800441741943,0.13874349938716635,-0.3789255619049072,0.09690909750472954,-0.5157593488693237,0.06933768386759243
camels_11451100,,0.7700097528236406,0.6352273225784302,0.6733203557242549,0.40304261445999146,0.5027315072356513,0.16962701082229614,0.36545657171332213,-0.02640092372894287,0.2755237491138305,-0.17390823364257812,0.22209061090669602,-0.2885594367980957,0.18917061697912474,-0.38903284072875977,0.16685087316370306
camels_11468500,,0.7361920227191461,0.6734693050384521,0.7053924243609803,0.3169257640838623,0.46640980484612626,0.06419765949249268,0.34521665482889297,-0.13040971755981445,0.27919969346653817,-0.23112940788269043,0.254765756333472,-0.32444918155670166,0.23763144503321387,-0.39262855052948,0.22850796327938938
camels_11473900,,0.76018014991979,0.6667705178260803,0.6988928521653224,0.3583402633666992,0.48092378606163566,0.1406189203262329,0.3607793585063095,-0.060224294662475586,0.2766452161075448,-0.1637873649597168,0.24095031449048776,-0.25987255573272705,0.21432575280803623,-0.3548598289489746,0.1944811957747139
camels_11475560,,0.812139190990676,0.613013505935669,0.6588312290196437,0.3644258975982666,0.4927820049638225,0.19922196865081787,0.4072868092915528,0.020159363746643066,0.3311843212591512,-0.08846783638000488,0.29739945405266366,-0.18228864669799805,0.27390847029547527,-0.26683902740478516,0.25700382696427493
camels_11476600,,0.8488800155787096,0.7234102487564087,0.7486526363918082,0.5050786733627319,0.5867386883304155,0.30244386196136475,0.4639927043924268,0.14762699604034424,0.3898682219605165,0.050756871700286865,0.35471892521875426,-0.031350016593933105,0.3297407079351655,-0.1003957986831665,0.3121548526691186
camels_11478500,,0.7315385503246795,0.6241931915283203,0.6669284147836634,0.2893902063369751,0.4452190805732661,0.10046815872192383,0.3487625416410657,-0.0893409252166748,0.27673182362629933,-0.20604395866394043,0.24253435407260793,-0.3122100830078125,0.21956157608099858,-0.41661858558654785,0.2040428432601552
camels_11480390,,0.7880682940547341,0.6611892580986023,0.6967429601175392,0.37726956605911255,0.4971230086683017,0.21311360597610474,0.40398794100532565,0.02778148651123047,0.31977021400338623,-0.08361124992370605,0.27855876181231587,-0.17646431922912598,0.24995611561306808,-0.28423166275024414,0.22454136624519483
camels_11481200,,0.6754154082720271,0.5084123015403748,0.5928289173436005,0.18560445308685303,0.4177332714844243,0.15419518947601318,0.39837084314425963,-6.139278411865234e-05,0.34505186627750273,-0.05249655246734619,0.3256699927691912,-0.12957680225372314,0.30893433745989995,-0.22796940803527832,0.29695751372425205
camels_11482500,,0.7964645584018902,0.763776957988739,0.7843005207447479,0.5042047500610352,0.5963889397640371,0.37688350677490234,0.5218409429183924,0.25024229288101196,0.4598453934212088,0.14942395687103271,0.4189506602276386,0.06653523445129395,0.3910139018096287,-0.005977749824523926,0.37105270252545974
camels_11522500,,0.8693363726970134,0.8025122880935669,0.8144552877356992,0.5879418253898621,0.6401040253077921,0.4531078338623047,0.5451846047206659,0.3498417139053345,0.4795595605480769,0.2729206681251526,0.4336522361906858,0.19237565994262695,0.3899003141997762,0.13581979274749756,0.359973557456989
camels_11523200,,0.8503230748700094,0.6997075080871582,0.7275186033305889,0.48984581232070923,0.5724945233115855,0.3876378536224365,0.5101856034574999,0.29767149686813354,0.45898990919640703,0.23848950862884521,0.42600112581069893,0.1592036485671997,0.3868726693972847,0.08421432971954346,0.3540905617868262
camels_11528700,,0.862388896033508,0.7872127294540405,0.80115911203669,0.5198688507080078,0.5895435317044653,0.2998380661010742,0.44624251266043646,0.11840420961380005,0.34975625066905724,0.022362053394317627,0.3107403026844371,-0.06893587112426758,0.2776267932655534,-0.14364218711853027,0.2543607819862994
camels_11532500,,0.7386469692610308,0.6241680979728699,0.6698150874907035,0.3008478283882141,0.4594552616704497,0.11053812503814697,0.366578497394648,-0.04738938808441162,0.3074565296007069,-0.1473909616470337,0.27787439441974904,-0.2612929344177246,0.2534700851868217,-0.3171355724334717,0.2439286038336831
