model,basin,name,lead,CRPS,coverage90,reliability_TV,spread_skill,n
CMAL,camels_10336645,,0,1.5518883237790624,0.5506849315068493,0.41095890410958913,3.7087353973752935,730
deterministic,camels_10336645,,0,1.5204014761807167,,,,730
CMAL,camels_10336645,,1,1.5499987907043358,0.5465753424657535,0.39383561643835624,2.087046185619949,730
deterministic,camels_10336645,,1,1.574527603142882,,,,730
CMAL,camels_10336645,,2,1.5511960255542636,0.5315068493150685,0.4027397260273972,3.3114839512396026,730
deterministic,camels_10336645,,2,1.5054894146037427,,,,730
CMAL,camels_10336645,,3,1.5491542521115367,0.5301369863013699,0.40068493150684936,2.499268045687748,730
deterministic,camels_10336645,,3,1.483404520439775,,,,730
CMAL,camels_10336645,,4,1.569037639438104,0.5273972602739726,0.4075342465753425,2.609923816086755,730
deterministic,camels_10336645,,4,1.4671547746005125,,,,730
CMAL,camels_10336645,,5,1.5819936022085965,0.5123287671232877,0.4136986301369864,1.2970467574195708,730
deterministic,camels_10336645,,5,1.4642139428282437,,,,730
CMAL,camels_10336645,,6,1.6150924215728366,0.5205479452054794,0.42671232876712334,1.220647802779405,730
deterministic,camels_10336645,,6,1.4853409038014609,,,,730
CMAL,camels_10336645,,7,1.6527885514675926,0.49726027397260275,0.4493150684931506,2.3477710940340946,730
deterministic,camels_10336645,,7,1.5529626653619009,,,,730
CMAL,camels_10336660,,0,1.265358117162227,0.7726027397260274,0.2671232876712329,0.38624651206386656,730
deterministic,camels_10336660,,0,1.9266944396985721,,,,730
CMAL,camels_10336660,,1,1.2843418747921018,0.7575342465753425,0.27328767123287667,3.879988108642917,730
deterministic,camels_10336660,,1,1.9568187017146854,,,,730
CMAL,camels_10336660,,2,1.26006704820108,0.7479452054794521,0.2787671232876712,2.491765163312607,730
deterministic,camels_10336660,,2,1.9024002736561918,,,,730
CMAL,camels_10336660,,3,1.2541839475001695,0.7534246575342466,0.2732876712328768,3.2221251136078175,730
deterministic,camels_10336660,,3,1.88778209563804,,,,730
CMAL,camels_10336660,,4,1.2634639465331055,0.7315068493150685,0.2787671232876712,1.913928776125634,730
deterministic,camels_10336660,,4,1.86209770310415,,,,730
CMAL,camels_10336660,,5,1.2435123392372962,0.7219178082191781,0.2842465753424658,2.899352605113959,730
deterministic,camels_10336660,,5,1.845487932064762,,,,730
CMAL,camels_10336660,,6,1.2717022279392594,0.7150684931506849,0.28287671232876715,3.0013390640823,730
deterministic,camels_10336660,,6,1.8768761390692568,,,,730
CMAL,camels_10336660,,7,1.3093623637853198,0.7027397260273973,0.26164383561643834,2.315478960139093,730
deterministic,camels_10336660,,7,1.8858191507319881,,,,730
CMAL,camels_10343500,,0,0.5729797402465037,0.6219178082191781,0.35479452054794525,2.5634215964850315,730
deterministic,camels_10343500,,0,0.9407757431676943,,,,730
CMAL,camels_10343500,,1,0.6028499932839274,0.6068493150684932,0.3602739726027398,2.8404000906991342,730
deterministic,camels_10343500,,1,0.951343873510622,,,,730
CMAL,camels_10343500,,2,0.6012220026543277,0.5945205479452055,0.37260273972602737,2.0512186791216585,730
deterministic,camels_10343500,,2,0.9480936226779467,,,,730
CMAL,camels_10343500,,3,0.6019182633253306,0.5876712328767123,0.38219178082191785,3.1646254869804533,730
deterministic,camels_10343500,,3,0.9542704925145189,,,,730
CMAL,camels_10343500,,4,0.5940054149066596,0.6054794520547945,0.35479452054794525,2.7115636869437982,730
deterministic,camels_10343500,,4,0.9436299890688021,,,,730
CMAL,camels_10343500,,5,0.6150995227706583,0.5876712328767123,0.3554794520547946,2.1721602385745373,730
deterministic,camels_10343500,,5,0.9544273402592908,,,,730
CMAL,camels_10343500,,6,0.6164953445905137,0.589041095890411,0.3712328767123288,2.5948944447854174,730
deterministic,camels_10343500,,6,0.9690597275348559,,,,730
CMAL,camels_10343500,,7,0.6231610385659099,0.5958904109589042,0.37123287671232885,2.652766001642619,730
deterministic,camels_10343500,,7,0.9855057386502828,,,,730
CMAL,camels_11148900,,0,1.164929286473102,0.6082191780821918,0.5979452054794521,1.887838529463782,730
deterministic,camels_11148900,,0,1.435018252918165,,,,730
CMAL,camels_11148900,,1,1.28405497963751,0.5945205479452055,0.6171232876712329,1.9470562047252744,730
deterministic,camels_11148900,,1,1.5713826123165757,,,,730
CMAL,camels_11148900,,2,1.3704768382477164,0.589041095890411,0.6239726027397261,2.3459866595638514,730
deterministic,camels_11148900,,2,1.5675177331656627,,,,730
CMAL,camels_11148900,,3,1.3650649625246325,0.5835616438356165,0.6239726027397261,1.9989460410871551,730
deterministic,camels_11148900,,3,1.6396588270794856,,,,730
CMAL,camels_11148900,,4,1.3901209343933438,0.589041095890411,0.6253424657534248,2.3950497187161846,730
deterministic,camels_11148900,,4,1.6792349532858966,,,,730
CMAL,camels_11148900,,5,1.365328362445237,0.5958904109589042,0.6157534246575342,1.8193893058313073,730
deterministic,camels_11148900,,5,1.6341065601126787,,,,730
CMAL,camels_11148900,,6,1.3565946214676676,0.5972602739726027,0.6116438356164384,0.6543002566714999,730
deterministic,camels_11148900,,6,1.6462530138557905,,,,730
CMAL,camels_11148900,,7,1.436649147918695,0.5958904109589042,0.6116438356164383,2.302893983068292,730
deterministic,camels_11148900,,7,1.644542630731243,,,,730
CMAL,camels_11230500,Bear Ck,0,0.6421376432753799,0.7438356164383562,0.3205479452054794,3.172578534777011,730
deterministic,camels_11230500,Bear Ck,0,0.776321319113039,,,,730
CMAL,camels_11230500,Bear Ck,1,0.6083952613687522,0.7643835616438356,0.29520547945205483,0.92818665824281,730
deterministic,camels_11230500,Bear Ck,1,0.7286401035034493,,,,730
CMAL,camels_11230500,Bear Ck,2,0.597526823089423,0.7726027397260274,0.2787671232876712,2.54107165133647,730
deterministic,camels_11230500,Bear Ck,2,0.6989082093924692,,,,730
CMAL,camels_11230500,Bear Ck,3,0.6076125896604916,0.7712328767123288,0.28356164383561644,3.1294778395818077,730
deterministic,camels_11230500,Bear Ck,3,0.6953536565173162,,,,730
CMAL,camels_11230500,Bear Ck,4,0.6247227798847677,0.7575342465753425,0.28835616438356165,2.9871488925992815,730
deterministic,camels_11230500,Bear Ck,4,0.69130215056955,,,,730
CMAL,camels_11230500,Bear Ck,5,0.6499744597442083,0.7479452054794521,0.27808219178082194,2.0776873826748155,730
deterministic,camels_11230500,Bear Ck,5,0.7321518224396117,,,,730
CMAL,camels_11230500,Bear Ck,6,0.6775874232206458,0.7287671232876712,0.2958904109589041,2.1491734478809796,730
deterministic,camels_11230500,Bear Ck,6,0.7683427301171708,,,,730
CMAL,camels_11230500,Bear Ck,7,0.7092584728784789,0.6945205479452055,0.2938356164383562,2.7580703934451516,730
deterministic,camels_11230500,Bear Ck,7,0.8091822999797456,,,,730
CMAL,camels_11237500,Pitman Ck,0,1.1168291328847524,0.536986301369863,0.4965753424657534,0.7374304770076284,730
deterministic,camels_11237500,Pitman Ck,0,1.496573849818478,,,,730
CMAL,camels_11237500,Pitman Ck,1,1.1184191594928257,0.5205479452054794,0.5006849315068495,1.8996964727228962,730
deterministic,camels_11237500,Pitman Ck,1,1.4564385320225808,,,,730
CMAL,camels_11237500,Pitman Ck,2,1.1282108491841754,0.4958904109589041,0.4952054794520548,2.9299134135416445,730
deterministic,camels_11237500,Pitman Ck,2,1.4987982030600717,,,,730
CMAL,camels_11237500,Pitman Ck,3,1.1623205973507797,0.4917808219178082,0.5075342465753425,2.5732171105980686,730
deterministic,camels_11237500,Pitman Ck,3,1.5601702864039435,,,,730
CMAL,camels_11237500,Pitman Ck,4,1.2415230641524482,0.4671232876712329,0.5184931506849315,3.0675363386383396,730
deterministic,camels_11237500,Pitman Ck,4,1.62855866869835,,,,730
CMAL,camels_11237500,Pitman Ck,5,1.3332975676656584,0.4410958904109589,0.5438356164383562,1.9672408647206139,730
deterministic,camels_11237500,Pitman Ck,5,1.7107181536008234,,,,730
CMAL,camels_11237500,Pitman Ck,6,1.3672622447476686,0.4178082191780822,0.5547945205479452,2.1152270215231472,730
deterministic,camels_11237500,Pitman Ck,6,1.7551197657846425,,,,730
CMAL,camels_11237500,Pitman Ck,7,1.4385625966037854,0.40684931506849314,0.567123287671233,2.868059805174895,730
deterministic,camels_11237500,Pitman Ck,7,1.8300515043408903,,,,730
CMAL,camels_11264500,Merced @ Happy Isles,0,0.927693855484526,0.7054794520547946,0.3945205479452055,0.7796808551731772,730
deterministic,camels_11264500,Merced @ Happy Isles,0,1.2042381182925341,,,,730
CMAL,camels_11264500,Merced @ Happy Isles,1,0.8967645528032803,0.7041095890410959,0.3821917808219178,3.1241171080383197,730
deterministic,camels_11264500,Merced @ Happy Isles,1,1.2338330471352355,,,,730
CMAL,camels_11264500,Merced @ Happy Isles,2,0.8877354962016653,0.7123287671232876,0.3842465753424658,2.556074620457286,730
deterministic,camels_11264500,Merced @ Happy Isles,2,1.2382960947409067,,,,730
CMAL,camels_11264500,Merced @ Happy Isles,3,0.8897065004016456,0.7054794520547946,0.3849315068493151,2.188871235876778,730
deterministic,camels_11264500,Merced @ Happy Isles,3,1.2410521828964964,,,,730
CMAL,camels_11264500,Merced @ Happy Isles,4,0.9149554050101737,0.7027397260273973,0.40273972602739727,2.2837647110280295,730
deterministic,camels_11264500,Merced @ Happy Isles,4,1.2360562927918892,,,,730
CMAL,camels_11264500,Merced @ Happy Isles,5,0.9259178114528857,0.6986301369863014,0.4164383561643835,2.2891408312678974,730
deterministic,camels_11264500,Merced @ Happy Isles,5,1.2687833891339497,,,,730
CMAL,camels_11264500,Merced @ Happy Isles,6,0.9284580039717153,0.6904109589041096,0.41780821917808225,1.408269339550203,730
deterministic,camels_11264500,Merced @ Happy Isles,6,1.2731087328636483,,,,730
CMAL,camels_11264500,Merced @ Happy Isles,7,0.945735453949258,0.6684931506849315,0.4246575342465754,3.1665435452300943,730
deterministic,camels_11264500,Merced @ Happy Isles,7,1.3005791669839049,,,,730
CMAL,camels_11266500,Merced @ Pohono,0,1.0706914449948748,0.6219178082191781,0.476027397260274,0.5020395271846337,730
deterministic,camels_11266500,Merced @ Pohono,0,1.332166608065775,,,,730
CMAL,camels_11266500,Merced @ Pohono,1,1.0504196360204832,0.6287671232876713,0.4910958904109589,3.7340157831734673,730
deterministic,camels_11266500,Merced @ Pohono,1,1.4000341786097175,,,,730
CMAL,camels_11266500,Merced @ Pohono,2,1.0457163066381225,0.6219178082191781,0.5013698630136987,2.4148196298876865,730
deterministic,camels_11266500,Merced @ Pohono,2,1.4171806749415725,,,,730
CMAL,camels_11266500,Merced @ Pohono,3,1.0561168051538847,0.6178082191780822,0.5123287671232877,1.8767063544118014,730
deterministic,camels_11266500,Merced @ Pohono,3,1.4267866777230616,,,,730
CMAL,camels_11266500,Merced @ Pohono,4,1.0960629883723843,0.5917808219178082,0.5301369863013699,2.3840437270529993,730
deterministic,camels_11266500,Merced @ Pohono,4,1.4248377438277415,,,,730
CMAL,camels_11266500,Merced @ Pohono,5,1.1201941248879337,0.5863013698630137,0.5294520547945205,1.1773662852273705,730
deterministic,camels_11266500,Merced @ Pohono,5,1.4576188324248953,,,,730
CMAL,camels_11266500,Merced @ Pohono,6,1.122680410124903,0.589041095890411,0.5321917808219179,2.4850193701926844,730
deterministic,camels_11266500,Merced @ Pohono,6,1.4716341042355314,,,,730
CMAL,camels_11266500,Merced @ Pohono,7,1.1460715629104745,0.5616438356164384,0.5315068493150685,2.9643878264879584,730
deterministic,camels_11266500,Merced @ Pohono,7,1.4970921309843455,,,,730
CMAL,camels_11381500,Mill Ck (rain),0,0.6824715916705467,0.8054794520547945,0.24520547945205481,2.0361844244195804,730
deterministic,camels_11381500,Mill Ck (rain),0,0.9214456772151058,,,,730
CMAL,camels_11381500,Mill Ck (rain),1,0.787705439084383,0.7863013698630137,0.21575342465753428,2.7756893334871764,730
deterministic,camels_11381500,Mill Ck (rain),1,1.0530652572847392,,,,730
CMAL,camels_11381500,Mill Ck (rain),2,0.800923747659617,0.7821917808219178,0.2191780821917808,2.17031203880372,730
deterministic,camels_11381500,Mill Ck (rain),2,1.043145363788082,,,,730
CMAL,camels_11381500,Mill Ck (rain),3,0.8022332743437756,0.7808219178082192,0.22602739726027396,1.9535409800019834,730
deterministic,camels_11381500,Mill Ck (rain),3,1.0432165581069581,,,,730
CMAL,camels_11381500,Mill Ck (rain),4,0.7915248043499251,0.7945205479452054,0.25068493150684934,3.1344229804413932,730
deterministic,camels_11381500,Mill Ck (rain),4,1.0094409789941081,,,,730
CMAL,camels_11381500,Mill Ck (rain),5,0.8212053014733346,0.7671232876712328,0.23219178082191785,3.0059855883797066,730
deterministic,camels_11381500,Mill Ck (rain),5,1.0349177113134567,,,,730
CMAL,camels_11381500,Mill Ck (rain),6,0.8618700333422102,0.7712328767123288,0.2438356164383562,0.41296175247393163,730
deterministic,camels_11381500,Mill Ck (rain),6,1.0823357155061748,,,,730
CMAL,camels_11381500,Mill Ck (rain),7,0.9273818445832464,0.7547945205479452,0.2547945205479452,3.7137309933429132,730
deterministic,camels_11381500,Mill Ck (rain),7,1.1324334419753455,,,,730
CMAL,camels_11451100,,0,0.9929380770472046,0.6325823223570191,0.4236568457538995,3.371975777022989,577
deterministic,camels_11451100,,0,1.518973614045611,,,,577
CMAL,camels_11451100,,1,1.3289989109119291,0.5805892547660312,0.43578856152512996,3.6117361837310553,577
deterministic,camels_11451100,,1,1.8416032684737722,,,,577
CMAL,camels_11451100,,2,1.317791511031934,0.5684575389948007,0.43752166377816293,3.5459931643911786,577
deterministic,camels_11451100,,2,1.8383809698929614,,,,577
CMAL,camels_11451100,,3,1.349646652957247,0.5563258232235702,0.4583188908145581,2.908822885564109,577
deterministic,camels_11451100,,3,1.954405806196831,,,,577
CMAL,camels_11451100,,4,1.4242725383881898,0.5285961871750433,0.47218370883882144,2.1107025065203033,577
deterministic,camels_11451100,,4,2.0814510787380422,,,,577
CMAL,camels_11451100,,5,1.4729599381511924,0.5216637781629117,0.46152512998266904,4.844257142878187,577
deterministic,camels_11451100,,5,2.1796892416539184,,,,577
CMAL,camels_11451100,,6,1.5203328028281613,0.49913344887348354,0.4756499133448874,2.83789037542962,577
deterministic,camels_11451100,,6,2.2068987154051585,,,,577
CMAL,camels_11451100,,7,1.5398390216955498,0.49913344887348354,0.4808492201039862,2.508513765228311,577
deterministic,camels_11451100,,7,2.2976079012946817,,,,577
CMAL,camels_11468500,,0,0.46176659507353,0.6821917808219178,0.25342465753424664,2.682466823156812,730
deterministic,camels_11468500,,0,0.8546110178509804,,,,730
CMAL,camels_11468500,,1,0.610122576841274,0.6383561643835617,0.2869863013698631,2.5909250344632264,730
deterministic,camels_11468500,,1,0.9713012901071,,,,730
CMAL,camels_11468500,,2,0.6269526997399819,0.6410958904109589,0.29452054794520555,3.4492923119171497,730
deterministic,camels_11468500,,2,0.9603106206410552,,,,730
CMAL,camels_11468500,,3,0.6337261730180208,0.6424657534246575,0.3013698630136986,3.3867614043583507,730
deterministic,camels_11468500,,3,1.019309412208322,,,,730
CMAL,camels_11468500,,4,0.6633886280639948,0.6397260273972603,0.3006849315068493,3.278389990653527,730
deterministic,camels_11468500,,4,1.0722666043124787,,,,730
CMAL,camels_11468500,,5,0.6991311274788123,0.6232876712328768,0.31712328767123293,3.421728273856131,730
deterministic,camels_11468500,,5,1.0932600918697983,,,,730
CMAL,camels_11468500,,6,0.7740263293031691,0.6054794520547945,0.3232876712328767,2.3445339202444835,730
deterministic,camels_11468500,,6,1.1617478538865913,,,,730
CMAL,camels_11468500,,7,0.8089719270282978,0.5808219178082191,0.34863013698630135,2.337441255804048,730
deterministic,camels_11468500,,7,1.2308387611010303,,,,730
CMAL,camels_11473900,,0,0.7211476248974328,0.6506849315068494,0.2904109589041096,3.8737426548046803,730
deterministic,camels_11473900,,0,1.133627335992578,,,,730
CMAL,camels_11473900,,1,0.860762823155281,0.636986301369863,0.3116438356164384,3.299367536718968,730
deterministic,camels_11473900,,1,1.241524988004606,,,,730
CMAL,camels_11473900,,2,0.8670405358836816,0.6136986301369863,0.32191780821917815,3.7412169739967163,730
deterministic,camels_11473900,,2,1.2216883885533842,,,,730
CMAL,camels_11473900,,3,0.8738364882077417,0.636986301369863,0.3116438356164384,1.9332896886249957,730
deterministic,camels_11473900,,3,1.2461330450560948,,,,730
CMAL,camels_11473900,,4,0.8878479878055667,0.6287671232876713,0.31438356164383563,3.4823792157730513,730
deterministic,camels_11473900,,4,1.2697810242437337,,,,730
CMAL,camels_11473900,,5,0.8984213521443742,0.6123287671232877,0.3136986301369863,2.704356028394273,730
deterministic,camels_11473900,,5,1.3046764967376239,,,,730
CMAL,camels_11473900,,6,0.8802618937906834,0.6219178082191781,0.30000000000000004,3.3366136605045216,730
deterministic,camels_11473900,,6,1.3141488983206553,,,,730
CMAL,camels_11473900,,7,0.8957037771931912,0.6246575342465753,0.3054794520547945,2.2998255901802693,730
deterministic,camels_11473900,,7,1.3904536444846898,,,,730
CMAL,camels_11475560,,0,0.9684624369272002,0.6383561643835617,0.2595890410958904,2.0475733713990008,730
deterministic,camels_11475560,,0,1.5438822117570328,,,,730
CMAL,camels_11475560,,1,1.249634045450165,0.6136986301369863,0.28630136986301374,4.4666670306889324,730
deterministic,camels_11475560,,1,1.7492209005845736,,,,730
CMAL,camels_11475560,,2,1.2478849667151426,0.6219178082191781,0.27808219178082194,3.660951649328825,730
deterministic,camels_11475560,,2,1.7526954892563493,,,,730
CMAL,camels_11475560,,3,1.2333708177967206,0.6273972602739726,0.2787671232876712,2.1633568725401133,730
deterministic,camels_11475560,,3,1.8002044896556906,,,,730
CMAL,camels_11475560,,4,1.2215965165142577,0.6328767123287671,0.27945205479452057,3.742983359595862,730
deterministic,camels_11475560,,4,1.737376508402498,,,,730
CMAL,camels_11475560,,5,1.240778357723576,0.6301369863013698,0.2746575342465753,2.8161335362296684,730
deterministic,camels_11475560,,5,1.8382676064151606,,,,730
CMAL,camels_11475560,,6,1.2756969682015542,0.6602739726027397,0.25616438356164384,2.232861658616868,730
deterministic,camels_11475560,,6,1.910819552042713,,,,730
CMAL,camels_11475560,,7,1.3582811857132673,0.6493150684931507,0.2897260273972603,1.9182475533236991,730
deterministic,camels_11475560,,7,2.0899760459383874,,,,730
CMAL,camels_11476600,,0,0.9046735801960198,0.7986301369863014,0.2547945205479452,3.8228774920494644,730
deterministic,camels_11476600,,0,1.5941291401647542,,,,730
CMAL,camels_11476600,,1,1.3060009313895053,0.7410958904109589,0.2801369863013699,2.5642760300567518,730
deterministic,camels_11476600,,1,1.8391326945121975,,,,730
CMAL,camels_11476600,,2,1.3002318113297038,0.7452054794520548,0.28150684931506853,4.036436095780857,730
deterministic,camels_11476600,,2,1.8228300248106866,,,,730
CMAL,camels_11476600,,3,1.3158818510488604,0.7520547945205479,0.28150684931506853,5.000357867860425,730
deterministic,camels_11476600,,3,1.8803653915450997,,,,730
CMAL,camels_11476600,,4,1.284436934837177,0.7397260273972602,0.2746575342465753,2.722851516103969,730
deterministic,camels_11476600,,4,1.821093163669926,,,,730
CMAL,camels_11476600,,5,1.3612547765356096,0.736986301369863,0.26917808219178085,2.6329102844093617,730
deterministic,camels_11476600,,5,1.9583814967985023,,,,730
CMAL,camels_11476600,,6,1.3505187056986026,0.7273972602739726,0.2767123287671233,3.8153833966218933,730
deterministic,camels_11476600,,6,2.081511873578372,,,,730
CMAL,camels_11476600,,7,1.4142085320767457,0.7150684931506849,0.2732876712328767,3.2696873924741294,730
deterministic,camels_11476600,,7,2.2130652319078576,,,,730
CMAL,camels_11478500,,0,1.1789783111276666,0.9013698630136986,0.08835616438356164,4.039464523304089,730
deterministic,camels_11478500,,0,1.7505386353355565,,,,730
CMAL,camels_11478500,,1,1.5208322103732443,0.8780821917808219,0.10410958904109589,3.1419258328683113,730
deterministic,camels_11478500,,1,2.0961317657607874,,,,730
CMAL,camels_11478500,,2,1.5578940120053901,0.8643835616438356,0.11917808219178083,2.5648794248461324,730
deterministic,camels_11478500,,2,2.0783338985214495,,,,730
CMAL,camels_11478500,,3,1.5843807557827023,0.8698630136986302,0.13013698630136988,3.560276660318753,730
deterministic,camels_11478500,,3,2.1817401148685036,,,,730
CMAL,camels_11478500,,4,1.5735470945275116,0.8465753424657534,0.14178082191780822,3.6864785373240894,730
deterministic,camels_11478500,,4,2.1464871022799246,,,,730
CMAL,camels_11478500,,5,1.6213645780044752,0.8465753424657534,0.11369863013698633,3.1875953500240803,730
deterministic,camels_11478500,,5,2.254165707222403,,,,730
CMAL,camels_11478500,,6,1.6525100272468136,0.8205479452054795,0.12397260273972606,4.34725222965831,730
deterministic,camels_11478500,,6,2.308473797530344,,,,730
CMAL,camels_11478500,,7,1.7119453749075895,0.7986301369863014,0.16438356164383566,2.824842894152831,730
deterministic,camels_11478500,,7,2.4047519826725736,,,,730
CMAL,camels_11480390,,0,0.9626320261581512,0.8438356164383561,0.2164383561643836,3.936340144725109,730
deterministic,camels_11480390,,0,1.2578054104765801,,,,730
CMAL,camels_11480390,,1,1.1105476606492617,0.8246575342465754,0.20684931506849316,3.628030661584861,730
deterministic,camels_11480390,,1,1.4747977532752572,,,,730
CMAL,camels_11480390,,2,1.110775703652192,0.8356164383561644,0.18767123287671236,2.912235337800782,730
deterministic,camels_11480390,,2,1.4899200238593637,,,,730
CMAL,camels_11480390,,3,1.1063628663564253,0.8452054794520548,0.1780821917808219,2.2990011530183967,730
deterministic,camels_11480390,,3,1.5450218088822822,,,,730
CMAL,camels_11480390,,4,1.097691605807454,0.8465753424657534,0.17123287671232879,4.015138407483803,730
deterministic,camels_11480390,,4,1.5833694320835479,,,,730
CMAL,camels_11480390,,5,1.1211446628249482,0.8342465753424657,0.18219178082191784,3.992180296154259,730
deterministic,camels_11480390,,5,1.6089126014546171,,,,730
CMAL,camels_11480390,,6,1.1779683189256296,0.8191780821917808,0.1986301369863014,3.374096661115173,730
deterministic,camels_11480390,,6,1.7046783853883614,,,,730
CMAL,camels_11480390,,7,1.2229629475735946,0.8013698630136986,0.22465753424657536,2.3583318004741383,730
deterministic,camels_11480390,,7,1.8071560251386198,,,,730
CMAL,camels_11481200,,0,0.8359670269900819,0.7397260273972602,0.36438356164383556,2.9908764929043397,730
deterministic,camels_11481200,,0,1.102610363127434,,,,730
CMAL,camels_11481200,,1,1.089435181455013,0.7041095890410959,0.4034246575342466,2.340131840730468,730
deterministic,camels_11481200,,1,1.3553097626117812,,,,730
CMAL,camels_11481200,,2,1.1291175688104835,0.689041095890411,0.38698630136986306,2.590836818639806,730
deterministic,camels_11481200,,2,1.3587852046097795,,,,730
CMAL,camels_11481200,,3,1.173157703487984,0.6753424657534246,0.3938356164383562,3.1743104586620814,730
deterministic,camels_11481200,,3,1.4775970240161844,,,,730
CMAL,camels_11481200,,4,1.2081930549081161,0.6671232876712329,0.4054794520547945,3.7040385093903416,730
deterministic,camels_11481200,,4,1.5485177090723221,,,,730
CMAL,camels_11481200,,5,1.281011594950105,0.6589041095890411,0.4123287671232877,2.897245696451795,730
deterministic,camels_11481200,,5,1.5884889218088698,,,,730
CMAL,camels_11481200,,6,1.3604722660588593,0.6506849315068494,0.4109589041095891,4.163512050493114,730
deterministic,camels_11481200,,6,1.6649638262513566,,,,730
CMAL,camels_11481200,,7,1.4568394216881362,0.6342465753424658,0.4027397260273973,3.3805384743800646,730
deterministic,camels_11481200,,7,1.822377568646653,,,,730
CMAL,camels_11482500,,0,0.6534110254531851,0.7616438356164383,0.21027397260273975,3.8873717112521846,730
deterministic,camels_11482500,,0,0.9694342112704499,,,,730
CMAL,camels_11482500,,1,0.8378371583329662,0.7287671232876712,0.2410958904109589,2.630089981625238,730
deterministic,camels_11482500,,1,1.1435800387434762,,,,730
CMAL,camels_11482500,,2,0.8541618376159175,0.7246575342465753,0.25000000000000006,2.2826301120891572,730
deterministic,camels_11482500,,2,1.1946202551665372,,,,730
CMAL,camels_11482500,,3,0.8538070905088592,0.7041095890410959,0.2294520547945206,2.929415150767903,730
deterministic,camels_11482500,,3,1.2318150883668089,,,,730
CMAL,camels_11482500,,4,0.8760846538775773,0.7054794520547946,0.23630136986301373,3.040968181986801,730
deterministic,camels_11482500,,4,1.276444873172943,,,,730
CMAL,camels_11482500,,5,0.944592818396611,0.7068493150684931,0.24726027397260278,3.8104689934777256,730
deterministic,camels_11482500,,5,1.286256560070874,,,,730
CMAL,camels_11482500,,6,1.0215181147457464,0.6767123287671233,0.26506849315068504,3.32313844180969,730
deterministic,camels_11482500,,6,1.3631990155128584,,,,730
CMAL,camels_11482500,,7,1.1133839193858999,0.6602739726027397,0.28082191780821925,2.857671820006273,730
deterministic,camels_11482500,,7,1.5465312675253986,,,,730
CMAL,camels_11522500,,0,0.635031078648391,0.8,0.20136986301369864,4.151226743574347,730
deterministic,camels_11522500,,0,0.919336578535707,,,,730
CMAL,camels_11522500,,1,0.6980950096539088,0.7917808219178082,0.22534246575342465,3.41510246277205,730
deterministic,camels_11522500,,1,0.9526437927598823,,,,730
CMAL,camels_11522500,,2,0.7078413360678245,0.7863013698630137,0.21917808219178084,3.643301058297571,730
deterministic,camels_11522500,,2,0.9352519368472164,,,,730
CMAL,camels_11522500,,3,0.7024555342579604,0.7808219178082192,0.20410958904109588,3.144859572907391,730
deterministic,camels_11522500,,3,0.9455898408203909,,,,730
CMAL,camels_11522500,,4,0.7168193155255214,0.8027397260273973,0.21917808219178078,3.8370385489881653,730
deterministic,camels_11522500,,4,0.9443753789549004,,,,730
CMAL,camels_11522500,,5,0.7223848752389134,0.8136986301369863,0.20753424657534247,2.867242551706497,730
deterministic,camels_11522500,,5,0.9614818656281249,,,,730
CMAL,camels_11522500,,6,0.721785761692009,0.8328767123287671,0.19863013698630136,3.0481142229455496,730
deterministic,camels_11522500,,6,0.9787842705641707,,,,730
CMAL,camels_11522500,,7,0.7590637209207177,0.821917808219178,0.21095890410958906,3.593753101902018,730
deterministic,camels_11522500,,7,1.0898091658337477,,,,730
CMAL,camels_11523200,,0,0.7030405728117057,0.8465753424657534,0.1849315068493151,3.896397024865083,730
deterministic,camels_11523200,,0,1.1838000943399456,,,,730
CMAL,camels_11523200,,1,0.768372901032912,0.8273972602739726,0.1952054794520548,3.7729712389110546,730
deterministic,camels_11523200,,1,1.2075620109087801,,,,730
CMAL,camels_11523200,,2,0.7639225257809023,0.826027397260274,0.2,3.6047040628089393,730
deterministic,camels_11523200,,2,1.1849747096839016,,,,730
CMAL,camels_11523200,,3,0.7738066151598788,0.8246575342465754,0.19589041095890417,4.073068425088773,730
deterministic,camels_11523200,,3,1.201599699503755,,,,730
CMAL,camels_11523200,,4,0.7616861417479741,0.8205479452054795,0.18287671232876715,3.058603085313957,730
deterministic,camels_11523200,,4,1.1620811325230012,,,,730
CMAL,camels_11523200,,5,0.8137004482606657,0.821917808219178,0.19657534246575348,3.0717778615021634,730
deterministic,camels_11523200,,5,1.19809357458598,,,,730
CMAL,camels_11523200,,6,0.8445444629694835,0.8027397260273973,0.2034246575342466,2.927762846847891,730
deterministic,camels_11523200,,6,1.269568843139361,,,,730
CMAL,camels_11523200,,7,0.9311902285300105,0.7821917808219178,0.2267123287671233,1.9473909616949578,730
deterministic,camels_11523200,,7,1.3135245300319096,,,,730
CMAL,camels_11528700,,0,0.4932531728341871,0.7479452054794521,0.2856164383561644,3.7781564357578308,730
deterministic,camels_11528700,,0,0.8220678601362934,,,,730
CMAL,camels_11528700,,1,0.5769703249810944,0.726027397260274,0.289041095890411,1.910795744906342,730
deterministic,camels_11528700,,1,0.891057932540162,,,,730
CMAL,camels_11528700,,2,0.5888873822327728,0.726027397260274,0.27397260273972607,2.609018944166438,730
deterministic,camels_11528700,,2,0.8662261441145858,,,,730
CMAL,camels_11528700,,3,0.5823375043918827,0.7273972602739726,0.2719178082191781,3.3618175399098726,730
deterministic,camels_11528700,,3,0.8816127594203165,,,,730
CMAL,camels_11528700,,4,0.5808965156178257,0.7397260273972602,0.26575342465753427,2.9364739332224965,730
deterministic,camels_11528700,,4,0.8935174964878657,,,,730
CMAL,camels_11528700,,5,0.616944819642195,0.7287671232876712,0.27808219178082194,3.193456444120695,730
deterministic,camels_11528700,,5,0.9244562982696376,,,,730
CMAL,camels_11528700,,6,0.6601671540905584,0.7356164383561644,0.28698630136986303,2.931073361501564,730
deterministic,camels_11528700,,6,0.9829065291848901,,,,730
CMAL,camels_11528700,,7,0.700756052068484,0.7054794520547946,0.2842465753424658,0.7349492408570089,730
deterministic,camels_11528700,,7,1.0385845161464116,,,,730
CMAL,camels_11532500,,0,1.3208358944500962,0.915068493150685,0.11027397260273973,3.9897907819507874,730
deterministic,camels_11532500,,0,2.1897351775267353,,,,730
CMAL,camels_11532500,,1,1.6477679599311872,0.8821917808219178,0.11712328767123288,5.091882958582086,730
deterministic,camels_11532500,,1,2.4427846384375065,,,,730
CMAL,camels_11532500,,2,1.694394620768561,0.8794520547945206,0.11027397260273974,3.358605195314055,730
deterministic,camels_11532500,,2,2.5109208817351356,,,,730
CMAL,camels_11532500,,3,1.684499548273207,0.8808219178082192,0.1527397260273973,4.016755904942384,730
deterministic,camels_11532500,,3,2.5920943524739513,,,,730
CMAL,camels_11532500,,4,1.758238749342242,0.8753424657534247,0.13835616438356166,3.0569872369398836,730
deterministic,camels_11532500,,4,2.6046816820151184,,,,730
CMAL,camels_11532500,,5,1.8878760041570897,0.8534246575342466,0.14452054794520547,3.7837930008751157,730
deterministic,camels_11532500,,5,2.7301739049284426,,,,730
CMAL,camels_11532500,,6,1.9549676591319127,0.8479452054794521,0.15616438356164386,4.561402966346318,730
deterministic,camels_11532500,,6,2.880910549425099,,,,730
CMAL,camels_11532500,,7,2.0744945065716545,0.8342465753424657,0.15410958904109592,5.169304367144023,730
deterministic,camels_11532500,,7,3.104343134573061,,,,730
