basin,variant,lead,n,issue_date_first,issue_date_last,valid_date_first,valid_date_last,coverage90,crps
camels_10336645,raw,0,730,2016-10-01,2023-09-30,2016-10-01,2023-09-30,0.5424657534246575,1.5530596845727402
camels_10336645,raw,1,728,2016-10-01,2023-09-29,2016-10-02,2023-09-30,0.5357142857142857,1.5545428187475903
camels_10336645,raw,2,726,2016-10-01,2023-09-28,2016-10-03,2023-09-30,0.5289256198347108,1.5593150005517171
camels_10336645,raw,3,724,2016-10-01,2023-09-27,2016-10-04,2023-09-30,0.5248618784530387,1.5606720292665521
camels_10336645,raw,4,722,2016-10-01,2023-09-26,2016-10-05,2023-09-30,0.5207756232686981,1.5852338245716118
camels_10336645,raw,5,720,2016-10-01,2023-09-25,2016-10-06,2023-09-30,0.5152777777777777,1.6032041202358749
camels_10336645,raw,6,718,2016-10-01,2023-09-24,2016-10-07,2023-09-30,0.5153203342618384,1.6403211832441653
camels_10336645,raw,7,716,2016-10-01,2023-09-23,2016-10-08,2023-09-30,0.48743016759776536,1.6841245595773764
camels_10336660,raw,0,730,2016-10-01,2023-09-30,2016-10-01,2023-09-30,0.7712328767123288,1.266564210958618
camels_10336660,raw,1,728,2016-10-01,2023-09-29,2016-10-02,2023-09-30,0.7541208791208791,1.2873863595319992
camels_10336660,raw,2,726,2016-10-01,2023-09-28,2016-10-03,2023-09-30,0.7465564738292011,1.269670648849193
camels_10336660,raw,3,724,2016-10-01,2023-09-27,2016-10-04,2023-09-30,0.7361878453038674,1.2616611650767067
camels_10336660,raw,4,722,2016-10-01,2023-09-26,2016-10-05,2023-09-30,0.7257617728531855,1.2780134239133396
camels_10336660,raw,5,720,2016-10-01,2023-09-25,2016-10-06,2023-09-30,0.7236111111111111,1.2637041732619563
camels_10336660,raw,6,718,2016-10-01,2023-09-24,2016-10-07,2023-09-30,0.7061281337047354,1.29345821949255
camels_10336660,raw,7,716,2016-10-01,2023-09-23,2016-10-08,2023-09-30,0.6955307262569832,1.3348520850069792
camels_10343500,raw,0,730,2016-10-01,2023-09-30,2016-10-01,2023-09-30,0.626027397260274,0.573752152271056
camels_10343500,raw,1,728,2016-10-01,2023-09-29,2016-10-02,2023-09-30,0.5961538461538461,0.6060677750079368
camels_10343500,raw,2,726,2016-10-01,2023-09-28,2016-10-03,2023-09-30,0.5950413223140496,0.6044636555301469
camels_10343500,raw,3,724,2016-10-01,2023-09-27,2016-10-04,2023-09-30,0.5897790055248618,0.6061665174929242
camels_10343500,raw,4,722,2016-10-01,2023-09-26,2016-10-05,2023-09-30,0.5969529085872576,0.5999443446958637
camels_10343500,raw,5,720,2016-10-01,2023-09-25,2016-10-06,2023-09-30,0.5847222222222223,0.6231965256149243
camels_10343500,raw,6,718,2016-10-01,2023-09-24,2016-10-07,2023-09-30,0.5807799442896936,0.6267509769130748
camels_10343500,raw,7,716,2016-10-01,2023-09-23,2016-10-08,2023-09-30,0.5879888268156425,0.6364255476128416
camels_11148900,raw,0,730,2016-10-01,2023-09-30,2016-10-01,2023-09-30,0.6054794520547945,1.1595546173918179
camels_11148900,raw,1,728,2016-10-01,2023-09-29,2016-10-02,2023-09-30,0.592032967032967,1.2898367639348347
camels_11148900,raw,2,726,2016-10-01,2023-09-28,2016-10-03,2023-09-30,0.5798898071625345,1.3775300598411881
camels_11148900,raw,3,724,2016-10-01,2023-09-27,2016-10-04,2023-09-30,0.5773480662983426,1.3764942233632123
camels_11148900,raw,4,722,2016-10-01,2023-09-26,2016-10-05,2023-09-30,0.5789473684210527,1.4056594703940053
camels_11148900,raw,5,720,2016-10-01,2023-09-25,2016-10-06,2023-09-30,0.5875,1.3832034400096973
camels_11148900,raw,6,718,2016-10-01,2023-09-24,2016-10-07,2023-09-30,0.5877437325905293,1.3794742623087979
camels_11148900,raw,7,716,2016-10-01,2023-09-23,2016-10-08,2023-09-30,0.585195530726257,1.4693673241679357
camels_11230500,raw,0,730,2016-10-01,2023-09-30,2016-10-01,2023-09-30,0.7465753424657534,0.6423874829298407
camels_11230500,raw,1,728,2016-10-01,2023-09-29,2016-10-02,2023-09-30,0.7568681318681318,0.6088589715931851
camels_11230500,raw,2,726,2016-10-01,2023-09-28,2016-10-03,2023-09-30,0.7672176308539945,0.601688691804919
camels_11230500,raw,3,724,2016-10-01,2023-09-27,2016-10-04,2023-09-30,0.7582872928176796,0.6118420921918292
camels_11230500,raw,4,722,2016-10-01,2023-09-26,2016-10-05,2023-09-30,0.7631578947368421,0.629233826489216
camels_11230500,raw,5,720,2016-10-01,2023-09-25,2016-10-06,2023-09-30,0.75,0.6580474886867372
camels_11230500,raw,6,718,2016-10-01,2023-09-24,2016-10-07,2023-09-30,0.7256267409470752,0.6875893788983659
camels_11230500,raw,7,716,2016-10-01,2023-09-23,2016-10-08,2023-09-30,0.696927374301676,0.72359849546506
camels_11237500,raw,0,730,2016-10-01,2023-09-30,2016-10-01,2023-09-30,0.5315068493150685,1.117558438849944
camels_11237500,raw,1,728,2016-10-01,2023-09-29,2016-10-02,2023-09-30,0.5178571428571429,1.123214714209351
camels_11237500,raw,2,726,2016-10-01,2023-09-28,2016-10-03,2023-09-30,0.4972451790633609,1.1339709964469982
camels_11237500,raw,3,724,2016-10-01,2023-09-27,2016-10-04,2023-09-30,0.48756906077348067,1.1722509431803572
camels_11237500,raw,4,722,2016-10-01,2023-09-26,2016-10-05,2023-09-30,0.46537396121883656,1.2566331996850832
camels_11237500,raw,5,720,2016-10-01,2023-09-25,2016-10-06,2023-09-30,0.44583333333333336,1.3514373754109514
camels_11237500,raw,6,718,2016-10-01,2023-09-24,2016-10-07,2023-09-30,0.4192200557103064,1.3912665988624493
camels_11237500,raw,7,716,2016-10-01,2023-09-23,2016-10-08,2023-09-30,0.3952513966480447,1.4681381851140403
camels_11264500,raw,0,730,2016-10-01,2023-09-30,2016-10-01,2023-09-30,0.7,0.9288115022315352
camels_11264500,raw,1,728,2016-10-01,2023-09-29,2016-10-02,2023-09-30,0.7060439560439561,0.901512218188004
camels_11264500,raw,2,726,2016-10-01,2023-09-28,2016-10-03,2023-09-30,0.709366391184573,0.8921917955386307
camels_11264500,raw,3,724,2016-10-01,2023-09-27,2016-10-04,2023-09-30,0.7030386740331491,0.8972407891826197
camels_11264500,raw,4,722,2016-10-01,2023-09-26,2016-10-05,2023-09-30,0.7105263157894737,0.9246545236897746
camels_11264500,raw,5,720,2016-10-01,2023-09-25,2016-10-06,2023-09-30,0.6875,0.9394252043543903
camels_11264500,raw,6,718,2016-10-01,2023-09-24,2016-10-07,2023-09-30,0.6838440111420613,0.9438924731234211
camels_11264500,raw,7,716,2016-10-01,2023-09-23,2016-10-08,2023-09-30,0.6675977653631285,0.9627584961998057
camels_11266500,raw,0,730,2016-10-01,2023-09-30,2016-10-01,2023-09-30,0.6219178082191781,1.0704137711949213
camels_11266500,raw,1,728,2016-10-01,2023-09-29,2016-10-02,2023-09-30,0.6277472527472527,1.053442301060071
camels_11266500,raw,2,726,2016-10-01,2023-09-28,2016-10-03,2023-09-30,0.6198347107438017,1.0509390206925873
camels_11266500,raw,3,724,2016-10-01,2023-09-27,2016-10-04,2023-09-30,0.6160220994475138,1.065740401891174
camels_11266500,raw,4,722,2016-10-01,2023-09-26,2016-10-05,2023-09-30,0.5969529085872576,1.1059245512560372
camels_11266500,raw,5,720,2016-10-01,2023-09-25,2016-10-06,2023-09-30,0.5902777777777778,1.1350046013585375
camels_11266500,raw,6,718,2016-10-01,2023-09-24,2016-10-07,2023-09-30,0.5710306406685237,1.1409339222807908
camels_11266500,raw,7,716,2016-10-01,2023-09-23,2016-10-08,2023-09-30,0.5516759776536313,1.1689684784140906
camels_11381500,raw,0,730,2016-10-01,2023-09-30,2016-10-01,2023-09-30,0.8054794520547945,0.6808635044081017
camels_11381500,raw,1,728,2016-10-01,2023-09-29,2016-10-02,2023-09-30,0.7774725274725275,0.7908473121701235
camels_11381500,raw,2,726,2016-10-01,2023-09-28,2016-10-03,2023-09-30,0.7768595041322314,0.8047800646869224
camels_11381500,raw,3,724,2016-10-01,2023-09-27,2016-10-04,2023-09-30,0.7900552486187845,0.8095742256810091
camels_11381500,raw,4,722,2016-10-01,2023-09-26,2016-10-05,2023-09-30,0.7853185595567868,0.798502521732171
camels_11381500,raw,5,720,2016-10-01,2023-09-25,2016-10-06,2023-09-30,0.7694444444444445,0.8342247103308283
camels_11381500,raw,6,718,2016-10-01,2023-09-24,2016-10-07,2023-09-30,0.7674094707520891,0.8753156177542133
camels_11381500,raw,7,716,2016-10-01,2023-09-23,2016-10-08,2023-09-30,0.75,0.9462703574791709
camels_11451100,raw,0,577,2016-10-01,2023-04-30,2016-10-01,2023-04-30,0.6169844020797227,0.9962083637949094
camels_11451100,raw,1,575,2016-10-01,2023-04-29,2016-10-02,2023-04-30,0.5791304347826087,1.3336945549733925
camels_11451100,raw,2,573,2016-10-01,2023-04-28,2016-10-03,2023-04-30,0.5602094240837696,1.3337963869957141
camels_11451100,raw,3,571,2016-10-01,2023-04-27,2016-10-04,2023-04-30,0.5691768826619965,1.3687543521125163
camels_11451100,raw,4,569,2016-10-01,2023-04-26,2016-10-05,2023-04-30,0.5272407732864675,1.4382566109116142
camels_11451100,raw,5,567,2016-10-01,2023-04-25,2016-10-06,2023-04-30,0.5079365079365079,1.498148564682279
camels_11451100,raw,6,565,2016-10-01,2023-04-24,2016-10-07,2023-04-30,0.5097345132743363,1.5642769997725203
camels_11451100,raw,7,563,2016-10-01,2023-04-23,2016-10-08,2023-04-30,0.4866785079928952,1.5703338577207187
camels_11468500,raw,0,730,2016-10-01,2023-09-30,2016-10-01,2023-09-30,0.6726027397260274,0.46389438337287037
camels_11468500,raw,1,728,2016-10-01,2023-09-29,2016-10-02,2023-09-30,0.6373626373626373,0.6162419215728736
camels_11468500,raw,2,726,2016-10-01,2023-09-28,2016-10-03,2023-09-30,0.6308539944903582,0.6299957389985712
camels_11468500,raw,3,724,2016-10-01,2023-09-27,2016-10-04,2023-09-30,0.638121546961326,0.6396316671915008
camels_11468500,raw,4,722,2016-10-01,2023-09-26,2016-10-05,2023-09-30,0.628808864265928,0.6711655682504727
camels_11468500,raw,5,720,2016-10-01,2023-09-25,2016-10-06,2023-09-30,0.6152777777777778,0.706366541261021
camels_11468500,raw,6,718,2016-10-01,2023-09-24,2016-10-07,2023-09-30,0.5974930362116991,0.7899541843762318
camels_11468500,raw,7,716,2016-10-01,2023-09-23,2016-10-08,2023-09-30,0.5670391061452514,0.8199798818457378
camels_11473900,raw,0,730,2016-10-01,2023-09-30,2016-10-01,2023-09-30,0.6506849315068494,0.7202319265624965
camels_11473900,raw,1,728,2016-10-01,2023-09-29,2016-10-02,2023-09-30,0.6291208791208791,0.8620043620440787
camels_11473900,raw,2,726,2016-10-01,2023-09-28,2016-10-03,2023-09-30,0.6060606060606061,0.867714806367615
camels_11473900,raw,3,724,2016-10-01,2023-09-27,2016-10-04,2023-09-30,0.6284530386740331,0.8792065761503529
camels_11473900,raw,4,722,2016-10-01,2023-09-26,2016-10-05,2023-09-30,0.6218836565096952,0.895475368410482
camels_11473900,raw,5,720,2016-10-01,2023-09-25,2016-10-06,2023-09-30,0.6041666666666666,0.9089460554925782
camels_11473900,raw,6,718,2016-10-01,2023-09-24,2016-10-07,2023-09-30,0.6142061281337048,0.8978833456717618
camels_11473900,raw,7,716,2016-10-01,2023-09-23,2016-10-08,2023-09-30,0.6215083798882681,0.9127087789774972
camels_11475560,raw,0,730,2016-10-01,2023-09-30,2016-10-01,2023-09-30,0.6342465753424658,0.9659747796709724
camels_11475560,raw,1,728,2016-10-01,2023-09-29,2016-10-02,2023-09-30,0.6098901098901099,1.253674636731609
camels_11475560,raw,2,726,2016-10-01,2023-09-28,2016-10-03,2023-09-30,0.6184573002754821,1.2617791284391755
camels_11475560,raw,3,724,2016-10-01,2023-09-27,2016-10-04,2023-09-30,0.6270718232044199,1.2458790365594905
camels_11475560,raw,4,722,2016-10-01,2023-09-26,2016-10-05,2023-09-30,0.628808864265928,1.2328589035151971
camels_11475560,raw,5,720,2016-10-01,2023-09-25,2016-10-06,2023-09-30,0.6305555555555555,1.2590554680610515
camels_11475560,raw,6,718,2016-10-01,2023-09-24,2016-10-07,2023-09-30,0.6476323119777159,1.298425987206798
camels_11475560,raw,7,716,2016-10-01,2023-09-23,2016-10-08,2023-09-30,0.6536312849162011,1.3829834625632953
camels_11476600,raw,0,730,2016-10-01,2023-09-30,2016-10-01,2023-09-30,0.7917808219178082,0.9091951899707207
camels_11476600,raw,1,728,2016-10-01,2023-09-29,2016-10-02,2023-09-30,0.7376373626373627,1.3104419377992007
camels_11476600,raw,2,726,2016-10-01,2023-09-28,2016-10-03,2023-09-30,0.7424242424242424,1.3016352802875235
camels_11476600,raw,3,724,2016-10-01,2023-09-27,2016-10-04,2023-09-30,0.75,1.3281530904858445
camels_11476600,raw,4,722,2016-10-01,2023-09-26,2016-10-05,2023-09-30,0.739612188365651,1.2932344294730247
camels_11476600,raw,5,720,2016-10-01,2023-09-25,2016-10-06,2023-09-30,0.7361111111111112,1.3872024579101132
camels_11476600,raw,6,718,2016-10-01,2023-09-24,2016-10-07,2023-09-30,0.724233983286908,1.3680625245879336
camels_11476600,raw,7,716,2016-10-01,2023-09-23,2016-10-08,2023-09-30,0.7011173184357542,1.4452907202956164
camels_11478500,raw,0,730,2016-10-01,2023-09-30,2016-10-01,2023-09-30,0.9041095890410958,1.1843470714353985
camels_11478500,raw,1,728,2016-10-01,2023-09-29,2016-10-02,2023-09-30,0.8736263736263736,1.5233746596407758
camels_11478500,raw,2,726,2016-10-01,2023-09-28,2016-10-03,2023-09-30,0.8746556473829201,1.5693693980438785
camels_11478500,raw,3,724,2016-10-01,2023-09-27,2016-10-04,2023-09-30,0.8632596685082873,1.5959706065758563
camels_11478500,raw,4,722,2016-10-01,2023-09-26,2016-10-05,2023-09-30,0.8462603878116344,1.5846486188659976
camels_11478500,raw,5,720,2016-10-01,2023-09-25,2016-10-06,2023-09-30,0.8388888888888889,1.6355042758564422
camels_11478500,raw,6,718,2016-10-01,2023-09-24,2016-10-07,2023-09-30,0.8105849582172702,1.6781263066111993
camels_11478500,raw,7,716,2016-10-01,2023-09-23,2016-10-08,2023-09-30,0.7891061452513967,1.7457581282486692
camels_11480390,raw,0,730,2016-10-01,2023-09-30,2016-10-01,2023-09-30,0.8410958904109589,0.9627712332709248
camels_11480390,raw,1,728,2016-10-01,2023-09-29,2016-10-02,2023-09-30,0.8228021978021978,1.1164498373028497
camels_11480390,raw,2,726,2016-10-01,2023-09-28,2016-10-03,2023-09-30,0.8347107438016529,1.1133695445789304
camels_11480390,raw,3,724,2016-10-01,2023-09-27,2016-10-04,2023-09-30,0.835635359116022,1.117615539347985
camels_11480390,raw,4,722,2016-10-01,2023-09-26,2016-10-05,2023-09-30,0.8337950138504155,1.1147493967813131
camels_11480390,raw,5,720,2016-10-01,2023-09-25,2016-10-06,2023-09-30,0.8319444444444445,1.1367337747265933
camels_11480390,raw,6,718,2016-10-01,2023-09-24,2016-10-07,2023-09-30,0.8217270194986073,1.1903544874164247
camels_11480390,raw,7,716,2016-10-01,2023-09-23,2016-10-08,2023-09-30,0.7932960893854749,1.2483092037851053
camels_11481200,raw,0,730,2016-10-01,2023-09-30,2016-10-01,2023-09-30,0.7424657534246575,0.8380810134919203
camels_11481200,raw,1,728,2016-10-01,2023-09-29,2016-10-02,2023-09-30,0.6991758241758241,1.090394609509782
camels_11481200,raw,2,726,2016-10-01,2023-09-28,2016-10-03,2023-09-30,0.6873278236914601,1.1330386159692905
camels_11481200,raw,3,724,2016-10-01,2023-09-27,2016-10-04,2023-09-30,0.68646408839779,1.1854889557407142
camels_11481200,raw,4,722,2016-10-01,2023-09-26,2016-10-05,2023-09-30,0.6662049861495845,1.2243103784254759
camels_11481200,raw,5,720,2016-10-01,2023-09-25,2016-10-06,2023-09-30,0.6472222222222223,1.2989216166262005
camels_11481200,raw,6,718,2016-10-01,2023-09-24,2016-10-07,2023-09-30,0.6406685236768802,1.3837332630226626
camels_11481200,raw,7,716,2016-10-01,2023-09-23,2016-10-08,2023-09-30,0.6229050279329609,1.4845644935317126
camels_11482500,raw,0,730,2016-10-01,2023-09-30,2016-10-01,2023-09-30,0.763013698630137,0.6552886305180923
camels_11482500,raw,1,728,2016-10-01,2023-09-29,2016-10-02,2023-09-30,0.7293956043956044,0.8413794940816364
camels_11482500,raw,2,726,2016-10-01,2023-09-28,2016-10-03,2023-09-30,0.7176308539944903,0.8570755929149749
camels_11482500,raw,3,724,2016-10-01,2023-09-27,2016-10-04,2023-09-30,0.7044198895027625,0.8633067340316648
camels_11482500,raw,4,722,2016-10-01,2023-09-26,2016-10-05,2023-09-30,0.7063711911357341,0.8829690056061322
camels_11482500,raw,5,720,2016-10-01,2023-09-25,2016-10-06,2023-09-30,0.6986111111111111,0.9584049225640656
camels_11482500,raw,6,718,2016-10-01,2023-09-24,2016-10-07,2023-09-30,0.6768802228412256,1.0335306774484883
camels_11482500,raw,7,716,2016-10-01,2023-09-23,2016-10-08,2023-09-30,0.6578212290502793,1.1314135738856415
camels_11522500,raw,0,730,2016-10-01,2023-09-30,2016-10-01,2023-09-30,0.8054794520547945,0.6354108693405446
camels_11522500,raw,1,728,2016-10-01,2023-09-29,2016-10-02,2023-09-30,0.7898351648351648,0.6997029540607322
camels_11522500,raw,2,726,2016-10-01,2023-09-28,2016-10-03,2023-09-30,0.7878787878787878,0.7108757118280326
camels_11522500,raw,3,724,2016-10-01,2023-09-27,2016-10-04,2023-09-30,0.7859116022099447,0.7070556872786812
camels_11522500,raw,4,722,2016-10-01,2023-09-26,2016-10-05,2023-09-30,0.8005540166204986,0.7258413429294633
camels_11522500,raw,5,720,2016-10-01,2023-09-25,2016-10-06,2023-09-30,0.8125,0.7308003991176242
camels_11522500,raw,6,718,2016-10-01,2023-09-24,2016-10-07,2023-09-30,0.8328690807799443,0.7316800345012844
camels_11522500,raw,7,716,2016-10-01,2023-09-23,2016-10-08,2023-09-30,0.8114525139664804,0.7749968680196199
camels_11523200,raw,0,730,2016-10-01,2023-09-30,2016-10-01,2023-09-30,0.8534246575342466,0.6992896470406345
camels_11523200,raw,1,728,2016-10-01,2023-09-29,2016-10-02,2023-09-30,0.820054945054945,0.7718346300372074
camels_11523200,raw,2,726,2016-10-01,2023-09-28,2016-10-03,2023-09-30,0.8236914600550964,0.7645576872121358
camels_11523200,raw,3,724,2016-10-01,2023-09-27,2016-10-04,2023-09-30,0.8204419889502762,0.7807937275371744
camels_11523200,raw,4,722,2016-10-01,2023-09-26,2016-10-05,2023-09-30,0.8240997229916898,0.766206507959521
camels_11523200,raw,5,720,2016-10-01,2023-09-25,2016-10-06,2023-09-30,0.8194444444444444,0.8266478928056084
camels_11523200,raw,6,718,2016-10-01,2023-09-24,2016-10-07,2023-09-30,0.8022284122562674,0.8555271268641191
camels_11523200,raw,7,716,2016-10-01,2023-09-23,2016-10-08,2023-09-30,0.7793296089385475,0.9482295683948829
camels_11528700,raw,0,730,2016-10-01,2023-09-30,2016-10-01,2023-09-30,0.7452054794520548,0.4935431840597753
camels_11528700,raw,1,728,2016-10-01,2023-09-29,2016-10-02,2023-09-30,0.7252747252747253,0.5806964510987386
camels_11528700,raw,2,726,2016-10-01,2023-09-28,2016-10-03,2023-09-30,0.7231404958677686,0.591662105892848
camels_11528700,raw,3,724,2016-10-01,2023-09-27,2016-10-04,2023-09-30,0.7182320441988951,0.5882737142720158
camels_11528700,raw,4,722,2016-10-01,2023-09-26,2016-10-05,2023-09-30,0.7326869806094183,0.5846098377578306
camels_11528700,raw,5,720,2016-10-01,2023-09-25,2016-10-06,2023-09-30,0.7222222222222222,0.6240628471406641
camels_11528700,raw,6,718,2016-10-01,2023-09-24,2016-10-07,2023-09-30,0.724233983286908,0.6742018558552103
camels_11528700,raw,7,716,2016-10-01,2023-09-23,2016-10-08,2023-09-30,0.7094972067039106,0.7187649817953826
camels_11532500,raw,0,730,2016-10-01,2023-09-30,2016-10-01,2023-09-30,0.9082191780821918,1.323527404120687
camels_11532500,raw,1,728,2016-10-01,2023-09-29,2016-10-02,2023-09-30,0.8791208791208791,1.6506780074744243
camels_11532500,raw,2,726,2016-10-01,2023-09-28,2016-10-03,2023-09-30,0.8815426997245179,1.6998094181017132
camels_11532500,raw,3,724,2016-10-01,2023-09-27,2016-10-04,2023-09-30,0.8798342541436464,1.6991011738479294
camels_11532500,raw,4,722,2016-10-01,2023-09-26,2016-10-05,2023-09-30,0.8753462603878116,1.7767516034907063
camels_11532500,raw,5,720,2016-10-01,2023-09-25,2016-10-06,2023-09-30,0.8569444444444444,1.9134269406784836
camels_11532500,raw,6,718,2016-10-01,2023-09-24,2016-10-07,2023-09-30,0.8454038997214485,1.9893587894225386
camels_11532500,raw,7,716,2016-10-01,2023-09-23,2016-10-08,2023-09-30,0.8226256983240223,2.1067828330143095
camels_10336645,global,0,730,2016-10-01,2023-09-30,2016-10-01,2023-09-30,0.6712328767123288,1.5820917460266908
camels_10336645,global,1,728,2016-10-01,2023-09-29,2016-10-02,2023-09-30,0.6634615384615384,1.5910345097821121
camels_10336645,global,2,726,2016-10-01,2023-09-28,2016-10-03,2023-09-30,0.662534435261708,1.5934749891295836
camels_10336645,global,3,724,2016-10-01,2023-09-27,2016-10-04,2023-09-30,0.6685082872928176,1.5973906381487648
camels_10336645,global,4,722,2016-10-01,2023-09-26,2016-10-05,2023-09-30,0.6717451523545707,1.614689876311947
camels_10336645,global,5,720,2016-10-01,2023-09-25,2016-10-06,2023-09-30,0.6652777777777777,1.635288955901222
camels_10336645,global,6,718,2016-10-01,2023-09-24,2016-10-07,2023-09-30,0.6643454038997214,1.667449926337246
camels_10336645,global,7,716,2016-10-01,2023-09-23,2016-10-08,2023-09-30,0.6606145251396648,1.6943714795415128
camels_10336660,global,0,730,2016-10-01,2023-09-30,2016-10-01,2023-09-30,0.8712328767123287,1.2856407548915514
camels_10336660,global,1,728,2016-10-01,2023-09-29,2016-10-02,2023-09-30,0.8653846153846154,1.2977389216610118
camels_10336660,global,2,726,2016-10-01,2023-09-28,2016-10-03,2023-09-30,0.859504132231405,1.2869720295904739
camels_10336660,global,3,724,2016-10-01,2023-09-27,2016-10-04,2023-09-30,0.861878453038674,1.2879047107160797
camels_10336660,global,4,722,2016-10-01,2023-09-26,2016-10-05,2023-09-30,0.8642659279778393,1.3046619759053597
camels_10336660,global,5,720,2016-10-01,2023-09-25,2016-10-06,2023-09-30,0.8611111111111112,1.288273567566922
camels_10336660,global,6,718,2016-10-01,2023-09-24,2016-10-07,2023-09-30,0.8635097493036211,1.3319382180035917
camels_10336660,global,7,716,2016-10-01,2023-09-23,2016-10-08,2023-09-30,0.8561452513966481,1.3638558856282916
camels_10343500,global,0,730,2016-10-01,2023-09-30,2016-10-01,2023-09-30,0.8383561643835616,0.5052264320519112
camels_10343500,global,1,728,2016-10-01,2023-09-29,2016-10-02,2023-09-30,0.8186813186813187,0.5245288541845553
camels_10343500,global,2,726,2016-10-01,2023-09-28,2016-10-03,2023-09-30,0.8209366391184573,0.524542972028102
camels_10343500,global,3,724,2016-10-01,2023-09-27,2016-10-04,2023-09-30,0.8232044198895028,0.5294463085260966
camels_10343500,global,4,722,2016-10-01,2023-09-26,2016-10-05,2023-09-30,0.8213296398891967,0.5281109810890092
camels_10343500,global,5,720,2016-10-01,2023-09-25,2016-10-06,2023-09-30,0.8222222222222222,0.5457478852769445
camels_10343500,global,6,718,2016-10-01,2023-09-24,2016-10-07,2023-09-30,0.8217270194986073,0.5554193493813531
camels_10343500,global,7,716,2016-10-01,2023-09-23,2016-10-08,2023-09-30,0.8184357541899442,0.5636666663696001
camels_11148900,global,0,730,2016-10-01,2023-09-30,2016-10-01,2023-09-30,0.7931506849315069,1.1642821897109767
camels_11148900,global,1,728,2016-10-01,2023-09-29,2016-10-02,2023-09-30,0.7898351648351648,1.3125559219884286
camels_11148900,global,2,726,2016-10-01,2023-09-28,2016-10-03,2023-09-30,0.7658402203856749,1.4171134777360344
camels_11148900,global,3,724,2016-10-01,2023-09-27,2016-10-04,2023-09-30,0.7624309392265194,1.4217449689936839
camels_11148900,global,4,722,2016-10-01,2023-09-26,2016-10-05,2023-09-30,0.7742382271468145,1.4431330588926221
camels_11148900,global,5,720,2016-10-01,2023-09-25,2016-10-06,2023-09-30,0.7666666666666667,1.4148545614541999
camels_11148900,global,6,718,2016-10-01,2023-09-24,2016-10-07,2023-09-30,0.766016713091922,1.3680725079721003
camels_11148900,global,7,716,2016-10-01,2023-09-23,2016-10-08,2023-09-30,0.7681564245810056,1.4823846039482869
camels_11230500,global,0,730,2016-10-01,2023-09-30,2016-10-01,2023-09-30,0.9863013698630136,0.5652488367959023
camels_11230500,global,1,728,2016-10-01,2023-09-29,2016-10-02,2023-09-30,0.9821428571428571,0.5454224967950435
camels_11230500,global,2,726,2016-10-01,2023-09-28,2016-10-03,2023-09-30,0.9862258953168044,0.5428917660757195
camels_11230500,global,3,724,2016-10-01,2023-09-27,2016-10-04,2023-09-30,0.9765193370165746,0.5506325378054995
camels_11230500,global,4,722,2016-10-01,2023-09-26,2016-10-05,2023-09-30,0.9750692520775623,0.5598442845525657
camels_11230500,global,5,720,2016-10-01,2023-09-25,2016-10-06,2023-09-30,0.9680555555555556,0.580682600492847
camels_11230500,global,6,718,2016-10-01,2023-09-24,2016-10-07,2023-09-30,0.9623955431754875,0.5997925844541538
camels_11230500,global,7,716,2016-10-01,2023-09-23,2016-10-08,2023-09-30,0.9581005586592178,0.6262280553342893
camels_11237500,global,0,730,2016-10-01,2023-09-30,2016-10-01,2023-09-30,0.7986301369863014,1.0578695879293765
camels_11237500,global,1,728,2016-10-01,2023-09-29,2016-10-02,2023-09-30,0.7857142857142857,1.0711504343698943
camels_11237500,global,2,726,2016-10-01,2023-09-28,2016-10-03,2023-09-30,0.7865013774104683,1.0713417636314468
camels_11237500,global,3,724,2016-10-01,2023-09-27,2016-10-04,2023-09-30,0.7762430939226519,1.0824450769422942
camels_11237500,global,4,722,2016-10-01,2023-09-26,2016-10-05,2023-09-30,0.7770083102493075,1.1280433894079391
camels_11237500,global,5,720,2016-10-01,2023-09-25,2016-10-06,2023-09-30,0.7597222222222222,1.191997344166412
camels_11237500,global,6,718,2016-10-01,2023-09-24,2016-10-07,2023-09-30,0.7520891364902507,1.229670785159402
camels_11237500,global,7,716,2016-10-01,2023-09-23,2016-10-08,2023-09-30,0.7402234636871509,1.29349303228056
camels_11264500,global,0,730,2016-10-01,2023-09-30,2016-10-01,2023-09-30,0.915068493150685,0.7860985475555627
camels_11264500,global,1,728,2016-10-01,2023-09-29,2016-10-02,2023-09-30,0.9093406593406593,0.7727261292225766
camels_11264500,global,2,726,2016-10-01,2023-09-28,2016-10-03,2023-09-30,0.8994490358126722,0.7680841638412547
camels_11264500,global,3,724,2016-10-01,2023-09-27,2016-10-04,2023-09-30,0.9005524861878453,0.7697509080099519
camels_11264500,global,4,722,2016-10-01,2023-09-26,2016-10-05,2023-09-30,0.8947368421052632,0.7863350646443458
camels_11264500,global,5,720,2016-10-01,2023-09-25,2016-10-06,2023-09-30,0.8861111111111111,0.7959778092345501
camels_11264500,global,6,718,2016-10-01,2023-09-24,2016-10-07,2023-09-30,0.8802228412256268,0.8058339387438495
camels_11264500,global,7,716,2016-10-01,2023-09-23,2016-10-08,2023-09-30,0.8868715083798883,0.8211914582608637
camels_11266500,global,0,730,2016-10-01,2023-09-30,2016-10-01,2023-09-30,0.8767123287671232,0.8853090740113961
camels_11266500,global,1,728,2016-10-01,2023-09-29,2016-10-02,2023-09-30,0.8736263736263736,0.8776674056501992
camels_11266500,global,2,726,2016-10-01,2023-09-28,2016-10-03,2023-09-30,0.8746556473829201,0.8730961733873867
camels_11266500,global,3,724,2016-10-01,2023-09-27,2016-10-04,2023-09-30,0.8660220994475138,0.8812037119500602
camels_11266500,global,4,722,2016-10-01,2023-09-26,2016-10-05,2023-09-30,0.8642659279778393,0.9101742342599811
camels_11266500,global,5,720,2016-10-01,2023-09-25,2016-10-06,2023-09-30,0.8541666666666666,0.9329260947980293
camels_11266500,global,6,718,2016-10-01,2023-09-24,2016-10-07,2023-09-30,0.8454038997214485,0.945065406447323
camels_11266500,global,7,716,2016-10-01,2023-09-23,2016-10-08,2023-09-30,0.8477653631284916,0.9705489579751946
camels_11381500,global,0,730,2016-10-01,2023-09-30,2016-10-01,2023-09-30,0.9575342465753425,0.6667216561329393
camels_11381500,global,1,728,2016-10-01,2023-09-29,2016-10-02,2023-09-30,0.945054945054945,0.766896621581452
camels_11381500,global,2,726,2016-10-01,2023-09-28,2016-10-03,2023-09-30,0.9449035812672176,0.7846281156780036
camels_11381500,global,3,724,2016-10-01,2023-09-27,2016-10-04,2023-09-30,0.9433701657458563,0.7951644300793679
camels_11381500,global,4,722,2016-10-01,2023-09-26,2016-10-05,2023-09-30,0.943213296398892,0.7879307456157616
camels_11381500,global,5,720,2016-10-01,2023-09-25,2016-10-06,2023-09-30,0.9416666666666667,0.8154294887605017
camels_11381500,global,6,718,2016-10-01,2023-09-24,2016-10-07,2023-09-30,0.9387186629526463,0.8533955212234104
camels_11381500,global,7,716,2016-10-01,2023-09-23,2016-10-08,2023-09-30,0.9315642458100558,0.8968080572669898
camels_11451100,global,0,577,2016-10-01,2023-04-30,2016-10-01,2023-04-30,0.8214904679376083,1.1517803205260129
camels_11451100,global,1,575,2016-10-01,2023-04-29,2016-10-02,2023-04-30,0.7965217391304348,1.4581457162174218
camels_11451100,global,2,573,2016-10-01,2023-04-28,2016-10-03,2023-04-30,0.7993019197207679,1.4808388646773625
camels_11451100,global,3,571,2016-10-01,2023-04-27,2016-10-04,2023-04-30,0.8108581436077058,1.5362795475890871
camels_11451100,global,4,569,2016-10-01,2023-04-26,2016-10-05,2023-04-30,0.8154657293497364,1.5970697427787444
camels_11451100,global,5,567,2016-10-01,2023-04-25,2016-10-06,2023-04-30,0.8112874779541446,1.6916864943411951
camels_11451100,global,6,565,2016-10-01,2023-04-24,2016-10-07,2023-04-30,0.8212389380530973,1.7666516271902395
camels_11451100,global,7,563,2016-10-01,2023-04-23,2016-10-08,2023-04-30,0.822380106571936,1.727327384319073
camels_11468500,global,0,730,2016-10-01,2023-09-30,2016-10-01,2023-09-30,0.9972602739726028,0.5714792907168473
camels_11468500,global,1,728,2016-10-01,2023-09-29,2016-10-02,2023-09-30,0.9711538461538461,0.7003104329763702
camels_11468500,global,2,726,2016-10-01,2023-09-28,2016-10-03,2023-09-30,0.9848484848484849,0.7149753723580787
camels_11468500,global,3,724,2016-10-01,2023-09-27,2016-10-04,2023-09-30,0.9792817679558011,0.7327745177932187
camels_11468500,global,4,722,2016-10-01,2023-09-26,2016-10-05,2023-09-30,0.9764542936288089,0.7600069955461419
camels_11468500,global,5,720,2016-10-01,2023-09-25,2016-10-06,2023-09-30,0.9763888888888889,0.790736488498329
camels_11468500,global,6,718,2016-10-01,2023-09-24,2016-10-07,2023-09-30,0.9665738161559888,0.8672173958612194
camels_11468500,global,7,716,2016-10-01,2023-09-23,2016-10-08,2023-09-30,0.9553072625698324,0.8966398600639619
camels_11473900,global,0,730,2016-10-01,2023-09-30,2016-10-01,2023-09-30,0.9041095890410958,0.7415956152427885
camels_11473900,global,1,728,2016-10-01,2023-09-29,2016-10-02,2023-09-30,0.8928571428571429,0.8809068896188612
camels_11473900,global,2,726,2016-10-01,2023-09-28,2016-10-03,2023-09-30,0.8898071625344353,0.8787052641089594
camels_11473900,global,3,724,2016-10-01,2023-09-27,2016-10-04,2023-09-30,0.888121546961326,0.8985762245835013
camels_11473900,global,4,722,2016-10-01,2023-09-26,2016-10-05,2023-09-30,0.8947368421052632,0.8997812939314974
camels_11473900,global,5,720,2016-10-01,2023-09-25,2016-10-06,2023-09-30,0.8861111111111111,0.9223340233920712
camels_11473900,global,6,718,2016-10-01,2023-09-24,2016-10-07,2023-09-30,0.8844011142061281,0.9104045715830535
camels_11473900,global,7,716,2016-10-01,2023-09-23,2016-10-08,2023-09-30,0.8770949720670391,0.9285539875037555
camels_11475560,global,0,730,2016-10-01,2023-09-30,2016-10-01,2023-09-30,0.9383561643835616,1.1706506696508152
camels_11475560,global,1,728,2016-10-01,2023-09-29,2016-10-02,2023-09-30,0.9203296703296703,1.4124852485484243
camels_11475560,global,2,726,2016-10-01,2023-09-28,2016-10-03,2023-09-30,0.9214876033057852,1.4326722499047584
camels_11475560,global,3,724,2016-10-01,2023-09-27,2016-10-04,2023-09-30,0.9281767955801105,1.42502534467456
camels_11475560,global,4,722,2016-10-01,2023-09-26,2016-10-05,2023-09-30,0.925207756232687,1.3912570979027092
camels_11475560,global,5,720,2016-10-01,2023-09-25,2016-10-06,2023-09-30,0.9319444444444445,1.4179279701441692
camels_11475560,global,6,718,2016-10-01,2023-09-24,2016-10-07,2023-09-30,0.9303621169916435,1.4551943579138973
camels_11475560,global,7,716,2016-10-01,2023-09-23,2016-10-08,2023-09-30,0.9259776536312849,1.5151134668549557
camels_11476600,global,0,730,2016-10-01,2023-09-30,2016-10-01,2023-09-30,0.9794520547945206,1.2028951487729713
camels_11476600,global,1,728,2016-10-01,2023-09-29,2016-10-02,2023-09-30,0.9684065934065934,1.48587023123157
camels_11476600,global,2,726,2016-10-01,2023-09-28,2016-10-03,2023-09-30,0.9641873278236914,1.477318322362562
camels_11476600,global,3,724,2016-10-01,2023-09-27,2016-10-04,2023-09-30,0.9585635359116023,1.515096169856268
camels_11476600,global,4,722,2016-10-01,2023-09-26,2016-10-05,2023-09-30,0.9653739612188366,1.4801530072199331
camels_11476600,global,5,720,2016-10-01,2023-09-25,2016-10-06,2023-09-30,0.9680555555555556,1.546455955759401
camels_11476600,global,6,718,2016-10-01,2023-09-24,2016-10-07,2023-09-30,0.9637883008356546,1.5199782335069358
camels_11476600,global,7,716,2016-10-01,2023-09-23,2016-10-08,2023-09-30,0.946927374301676,1.578047859280684
camels_11478500,global,0,730,2016-10-01,2023-09-30,2016-10-01,2023-09-30,0.9794520547945206,1.2563167929442622
camels_11478500,global,1,728,2016-10-01,2023-09-29,2016-10-02,2023-09-30,0.9601648351648352,1.5919726620691728
camels_11478500,global,2,726,2016-10-01,2023-09-28,2016-10-03,2023-09-30,0.9586776859504132,1.6045394817932537
camels_11478500,global,3,724,2016-10-01,2023-09-27,2016-10-04,2023-09-30,0.9544198895027625,1.637854265045778
camels_11478500,global,4,722,2016-10-01,2023-09-26,2016-10-05,2023-09-30,0.9598337950138505,1.6096050408306108
camels_11478500,global,5,720,2016-10-01,2023-09-25,2016-10-06,2023-09-30,0.9597222222222223,1.6694168702867695
camels_11478500,global,6,718,2016-10-01,2023-09-24,2016-10-07,2023-09-30,0.9512534818941504,1.6914374059460646
camels_11478500,global,7,716,2016-10-01,2023-09-23,2016-10-08,2023-09-30,0.9441340782122905,1.749370003502209
camels_11480390,global,0,730,2016-10-01,2023-09-30,2016-10-01,2023-09-30,0.9191780821917809,1.0006778406350203
camels_11480390,global,1,728,2016-10-01,2023-09-29,2016-10-02,2023-09-30,0.8997252747252747,1.1608029963509638
camels_11480390,global,2,726,2016-10-01,2023-09-28,2016-10-03,2023-09-30,0.9077134986225895,1.1482138899599725
camels_11480390,global,3,724,2016-10-01,2023-09-27,2016-10-04,2023-09-30,0.9046961325966851,1.1651909057282028
camels_11480390,global,4,722,2016-10-01,2023-09-26,2016-10-05,2023-09-30,0.9127423822714681,1.1565581978153399
camels_11480390,global,5,720,2016-10-01,2023-09-25,2016-10-06,2023-09-30,0.9097222222222222,1.1947182212414122
camels_11480390,global,6,718,2016-10-01,2023-09-24,2016-10-07,2023-09-30,0.9080779944289693,1.236312467275596
camels_11480390,global,7,716,2016-10-01,2023-09-23,2016-10-08,2023-09-30,0.8924581005586593,1.2797933740885357
camels_11481200,global,0,730,2016-10-01,2023-09-30,2016-10-01,2023-09-30,0.9602739726027397,0.9249469301253247
camels_11481200,global,1,728,2016-10-01,2023-09-29,2016-10-02,2023-09-30,0.9409340659340659,1.140608571922507
camels_11481200,global,2,726,2016-10-01,2023-09-28,2016-10-03,2023-09-30,0.9435261707988981,1.191719855918922
camels_11481200,global,3,724,2016-10-01,2023-09-27,2016-10-04,2023-09-30,0.9378453038674033,1.2462504832333732
camels_11481200,global,4,722,2016-10-01,2023-09-26,2016-10-05,2023-09-30,0.943213296398892,1.2788529540298048
camels_11481200,global,5,720,2016-10-01,2023-09-25,2016-10-06,2023-09-30,0.9430555555555555,1.347425545961053
camels_11481200,global,6,718,2016-10-01,2023-09-24,2016-10-07,2023-09-30,0.9387186629526463,1.4249906377586516
camels_11481200,global,7,716,2016-10-01,2023-09-23,2016-10-08,2023-09-30,0.9357541899441341,1.5043860351161498
camels_11482500,global,0,730,2016-10-01,2023-09-30,2016-10-01,2023-09-30,0.9493150684931507,0.743392434343976
camels_11482500,global,1,728,2016-10-01,2023-09-29,2016-10-02,2023-09-30,0.9326923076923077,0.9041683085221914
camels_11482500,global,2,726,2016-10-01,2023-09-28,2016-10-03,2023-09-30,0.9297520661157025,0.9169482759292188
camels_11482500,global,3,724,2016-10-01,2023-09-27,2016-10-04,2023-09-30,0.925414364640884,0.9433294058992544
camels_11482500,global,4,722,2016-10-01,2023-09-26,2016-10-05,2023-09-30,0.9376731301939059,0.9559073683180109
camels_11482500,global,5,720,2016-10-01,2023-09-25,2016-10-06,2023-09-30,0.9277777777777778,1.0190514586329107
camels_11482500,global,6,718,2016-10-01,2023-09-24,2016-10-07,2023-09-30,0.9261838440111421,1.0959354500572713
camels_11482500,global,7,716,2016-10-01,2023-09-23,2016-10-08,2023-09-30,0.9203910614525139,1.1719603594535772
camels_11522500,global,0,730,2016-10-01,2023-09-30,2016-10-01,2023-09-30,0.9643835616438357,0.6346804787488981
camels_11522500,global,1,728,2016-10-01,2023-09-29,2016-10-02,2023-09-30,0.9615384615384616,0.6865941099740771
camels_11522500,global,2,726,2016-10-01,2023-09-28,2016-10-03,2023-09-30,0.9545454545454546,0.6925282403707984
camels_11522500,global,3,724,2016-10-01,2023-09-27,2016-10-04,2023-09-30,0.9530386740331491,0.6915430991343062
camels_11522500,global,4,722,2016-10-01,2023-09-26,2016-10-05,2023-09-30,0.9515235457063712,0.7033831422740502
camels_11522500,global,5,720,2016-10-01,2023-09-25,2016-10-06,2023-09-30,0.9458333333333333,0.7099467156280267
camels_11522500,global,6,718,2016-10-01,2023-09-24,2016-10-07,2023-09-30,0.958217270194986,0.7154904641100297
camels_11522500,global,7,716,2016-10-01,2023-09-23,2016-10-08,2023-09-30,0.9497206703910615,0.7499763579138078
camels_11523200,global,0,730,2016-10-01,2023-09-30,2016-10-01,2023-09-30,0.9616438356164384,0.7875602506880954
camels_11523200,global,1,728,2016-10-01,2023-09-29,2016-10-02,2023-09-30,0.9532967032967034,0.8324084781317405
camels_11523200,global,2,726,2016-10-01,2023-09-28,2016-10-03,2023-09-30,0.9476584022038568,0.8255238582071351
camels_11523200,global,3,724,2016-10-01,2023-09-27,2016-10-04,2023-09-30,0.9488950276243094,0.8485238281122288
camels_11523200,global,4,722,2016-10-01,2023-09-26,2016-10-05,2023-09-30,0.9529085872576177,0.8373551265593386
camels_11523200,global,5,720,2016-10-01,2023-09-25,2016-10-06,2023-09-30,0.9527777777777777,0.8966731826718618
camels_11523200,global,6,718,2016-10-01,2023-09-24,2016-10-07,2023-09-30,0.9498607242339833,0.9305681857574197
camels_11523200,global,7,716,2016-10-01,2023-09-23,2016-10-08,2023-09-30,0.946927374301676,1.010561597179546
camels_11528700,global,0,730,2016-10-01,2023-09-30,2016-10-01,2023-09-30,0.9808219178082191,0.5364925525581854
camels_11528700,global,1,728,2016-10-01,2023-09-29,2016-10-02,2023-09-30,0.967032967032967,0.6125983309692217
camels_11528700,global,2,726,2016-10-01,2023-09-28,2016-10-03,2023-09-30,0.9586776859504132,0.6182280221522077
camels_11528700,global,3,724,2016-10-01,2023-09-27,2016-10-04,2023-09-30,0.9640883977900553,0.6228577881782216
camels_11528700,global,4,722,2016-10-01,2023-09-26,2016-10-05,2023-09-30,0.9764542936288089,0.613170430022578
camels_11528700,global,5,720,2016-10-01,2023-09-25,2016-10-06,2023-09-30,0.9666666666666667,0.644949616612929
camels_11528700,global,6,718,2016-10-01,2023-09-24,2016-10-07,2023-09-30,0.9665738161559888,0.6907635033299657
camels_11528700,global,7,716,2016-10-01,2023-09-23,2016-10-08,2023-09-30,0.9622905027932961,0.7239310256258178
camels_11532500,global,0,730,2016-10-01,2023-09-30,2016-10-01,2023-09-30,0.9835616438356164,1.4804695938477648
camels_11532500,global,1,728,2016-10-01,2023-09-29,2016-10-02,2023-09-30,0.9739010989010989,1.7515740749717978
camels_11532500,global,2,726,2016-10-01,2023-09-28,2016-10-03,2023-09-30,0.9752066115702479,1.800626812298648
camels_11532500,global,3,724,2016-10-01,2023-09-27,2016-10-04,2023-09-30,0.9709944751381215,1.8192285769554535
camels_11532500,global,4,722,2016-10-01,2023-09-26,2016-10-05,2023-09-30,0.9626038781163435,1.8785293497328226
camels_11532500,global,5,720,2016-10-01,2023-09-25,2016-10-06,2023-09-30,0.9597222222222223,2.0100787176293666
camels_11532500,global,6,718,2016-10-01,2023-09-24,2016-10-07,2023-09-30,0.9693593314763231,2.062742160769068
camels_11532500,global,7,716,2016-10-01,2023-09-23,2016-10-08,2023-09-30,0.9567039106145251,2.1660081206147246
camels_10336645,flow-conditional,0,730,2016-10-01,2023-09-30,2016-10-01,2023-09-30,0.6712328767123288,1.5334552147115965
camels_10336645,flow-conditional,1,728,2016-10-01,2023-09-29,2016-10-02,2023-09-30,0.6730769230769231,1.5397191647043642
camels_10336645,flow-conditional,2,726,2016-10-01,2023-09-28,2016-10-03,2023-09-30,0.6680440771349863,1.543838492927758
camels_10336645,flow-conditional,3,724,2016-10-01,2023-09-27,2016-10-04,2023-09-30,0.6712707182320442,1.5516406305993065
camels_10336645,flow-conditional,4,722,2016-10-01,2023-09-26,2016-10-05,2023-09-30,0.6772853185595568,1.566849866602793
camels_10336645,flow-conditional,5,720,2016-10-01,2023-09-25,2016-10-06,2023-09-30,0.6722222222222223,1.584349920293265
camels_10336645,flow-conditional,6,718,2016-10-01,2023-09-24,2016-10-07,2023-09-30,0.6685236768802229,1.6245858512527698
camels_10336645,flow-conditional,7,716,2016-10-01,2023-09-23,2016-10-08,2023-09-30,0.6634078212290503,1.651790439412403
camels_10336660,flow-conditional,0,730,2016-10-01,2023-09-30,2016-10-01,2023-09-30,0.8616438356164383,1.239793811368916
camels_10336660,flow-conditional,1,728,2016-10-01,2023-09-29,2016-10-02,2023-09-30,0.8612637362637363,1.252763949040172
camels_10336660,flow-conditional,2,726,2016-10-01,2023-09-28,2016-10-03,2023-09-30,0.8581267217630854,1.243425309020275
camels_10336660,flow-conditional,3,724,2016-10-01,2023-09-27,2016-10-04,2023-09-30,0.8577348066298343,1.2412937239232373
camels_10336660,flow-conditional,4,722,2016-10-01,2023-09-26,2016-10-05,2023-09-30,0.8587257617728532,1.269849733879601
camels_10336660,flow-conditional,5,720,2016-10-01,2023-09-25,2016-10-06,2023-09-30,0.8597222222222223,1.2562415314426854
camels_10336660,flow-conditional,6,718,2016-10-01,2023-09-24,2016-10-07,2023-09-30,0.8495821727019499,1.2862856103495979
camels_10336660,flow-conditional,7,716,2016-10-01,2023-09-23,2016-10-08,2023-09-30,0.8449720670391061,1.3243583609567267
camels_10343500,flow-conditional,0,730,2016-10-01,2023-09-30,2016-10-01,2023-09-30,0.8301369863013699,0.4912610144299532
camels_10343500,flow-conditional,1,728,2016-10-01,2023-09-29,2016-10-02,2023-09-30,0.8145604395604396,0.5132592184395024
camels_10343500,flow-conditional,2,726,2016-10-01,2023-09-28,2016-10-03,2023-09-30,0.8209366391184573,0.5128445681227738
camels_10343500,flow-conditional,3,724,2016-10-01,2023-09-27,2016-10-04,2023-09-30,0.8162983425414365,0.513698625982418
camels_10343500,flow-conditional,4,722,2016-10-01,2023-09-26,2016-10-05,2023-09-30,0.817174515235457,0.5076930042299642
camels_10343500,flow-conditional,5,720,2016-10-01,2023-09-25,2016-10-06,2023-09-30,0.8194444444444444,0.5282917053494584
camels_10343500,flow-conditional,6,718,2016-10-01,2023-09-24,2016-10-07,2023-09-30,0.8105849582172702,0.5377550933061996
camels_10343500,flow-conditional,7,716,2016-10-01,2023-09-23,2016-10-08,2023-09-30,0.8170391061452514,0.545052996078482
camels_11148900,flow-conditional,0,730,2016-10-01,2023-09-30,2016-10-01,2023-09-30,0.8136986301369863,1.1241538483898148
camels_11148900,flow-conditional,1,728,2016-10-01,2023-09-29,2016-10-02,2023-09-30,0.8063186813186813,1.2568845587354498
camels_11148900,flow-conditional,2,726,2016-10-01,2023-09-28,2016-10-03,2023-09-30,0.790633608815427,1.351306049904592
camels_11148900,flow-conditional,3,724,2016-10-01,2023-09-27,2016-10-04,2023-09-30,0.7831491712707183,1.3513468991514084
camels_11148900,flow-conditional,4,722,2016-10-01,2023-09-26,2016-10-05,2023-09-30,0.7894736842105263,1.3850490509841036
camels_11148900,flow-conditional,5,720,2016-10-01,2023-09-25,2016-10-06,2023-09-30,0.7777777777777778,1.3607645773271428
camels_11148900,flow-conditional,6,718,2016-10-01,2023-09-24,2016-10-07,2023-09-30,0.786908077994429,1.336512218595933
camels_11148900,flow-conditional,7,716,2016-10-01,2023-09-23,2016-10-08,2023-09-30,0.7891061452513967,1.426582376976562
camels_11230500,flow-conditional,0,730,2016-10-01,2023-09-30,2016-10-01,2023-09-30,0.9671232876712329,0.5438995040257883
camels_11230500,flow-conditional,1,728,2016-10-01,2023-09-29,2016-10-02,2023-09-30,0.9684065934065934,0.5268204751307299
camels_11230500,flow-conditional,2,726,2016-10-01,2023-09-28,2016-10-03,2023-09-30,0.9696969696969697,0.5261866295165537
camels_11230500,flow-conditional,3,724,2016-10-01,2023-09-27,2016-10-04,2023-09-30,0.962707182320442,0.5313166946127642
camels_11230500,flow-conditional,4,722,2016-10-01,2023-09-26,2016-10-05,2023-09-30,0.9681440443213296,0.5387466236061349
camels_11230500,flow-conditional,5,720,2016-10-01,2023-09-25,2016-10-06,2023-09-30,0.9638888888888889,0.5582180020689375
camels_11230500,flow-conditional,6,718,2016-10-01,2023-09-24,2016-10-07,2023-09-30,0.9526462395543176,0.5805411307168423
camels_11230500,flow-conditional,7,716,2016-10-01,2023-09-23,2016-10-08,2023-09-30,0.9371508379888268,0.6058070954956818
camels_11237500,flow-conditional,0,730,2016-10-01,2023-09-30,2016-10-01,2023-09-30,0.7808219178082192,1.0069160454314798
camels_11237500,flow-conditional,1,728,2016-10-01,2023-09-29,2016-10-02,2023-09-30,0.7692307692307693,1.0153997965030097
camels_11237500,flow-conditional,2,726,2016-10-01,2023-09-28,2016-10-03,2023-09-30,0.7713498622589532,1.0200888945565896
camels_11237500,flow-conditional,3,724,2016-10-01,2023-09-27,2016-10-04,2023-09-30,0.7693370165745856,1.0479779969308065
camels_11237500,flow-conditional,4,722,2016-10-01,2023-09-26,2016-10-05,2023-09-30,0.7673130193905817,1.1028558303133782
camels_11237500,flow-conditional,5,720,2016-10-01,2023-09-25,2016-10-06,2023-09-30,0.7472222222222222,1.1723118237523238
camels_11237500,flow-conditional,6,718,2016-10-01,2023-09-24,2016-10-07,2023-09-30,0.7353760445682451,1.207870414978598
camels_11237500,flow-conditional,7,716,2016-10-01,2023-09-23,2016-10-08,2023-09-30,0.7206703910614525,1.2718045037620032
camels_11264500,flow-conditional,0,730,2016-10-01,2023-09-30,2016-10-01,2023-09-30,0.9041095890410958,0.7507480348953168
camels_11264500,flow-conditional,1,728,2016-10-01,2023-09-29,2016-10-02,2023-09-30,0.8928571428571429,0.7374047215549187
camels_11264500,flow-conditional,2,726,2016-10-01,2023-09-28,2016-10-03,2023-09-30,0.8939393939393939,0.7348562925124988
camels_11264500,flow-conditional,3,724,2016-10-01,2023-09-27,2016-10-04,2023-09-30,0.8895027624309392,0.7367360740279466
camels_11264500,flow-conditional,4,722,2016-10-01,2023-09-26,2016-10-05,2023-09-30,0.8905817174515236,0.7572015093269678
camels_11264500,flow-conditional,5,720,2016-10-01,2023-09-25,2016-10-06,2023-09-30,0.8791666666666667,0.7707661627751882
camels_11264500,flow-conditional,6,718,2016-10-01,2023-09-24,2016-10-07,2023-09-30,0.8774373259052924,0.7708577463750723
camels_11264500,flow-conditional,7,716,2016-10-01,2023-09-23,2016-10-08,2023-09-30,0.8784916201117319,0.7874819037006043
camels_11266500,flow-conditional,0,730,2016-10-01,2023-09-30,2016-10-01,2023-09-30,0.8561643835616438,0.8727357178882055
camels_11266500,flow-conditional,1,728,2016-10-01,2023-09-29,2016-10-02,2023-09-30,0.8516483516483516,0.8606440821332867
camels_11266500,flow-conditional,2,726,2016-10-01,2023-09-28,2016-10-03,2023-09-30,0.8553719008264463,0.8544018233907642
camels_11266500,flow-conditional,3,724,2016-10-01,2023-09-27,2016-10-04,2023-09-30,0.8453038674033149,0.8641802990638231
camels_11266500,flow-conditional,4,722,2016-10-01,2023-09-26,2016-10-05,2023-09-30,0.8476454293628809,0.890235459395747
camels_11266500,flow-conditional,5,720,2016-10-01,2023-09-25,2016-10-06,2023-09-30,0.8333333333333334,0.9172559442484236
camels_11266500,flow-conditional,6,718,2016-10-01,2023-09-24,2016-10-07,2023-09-30,0.83008356545961,0.922455573502388
camels_11266500,flow-conditional,7,716,2016-10-01,2023-09-23,2016-10-08,2023-09-30,0.8282122905027933,0.9536237702358465
camels_11381500,flow-conditional,0,730,2016-10-01,2023-09-30,2016-10-01,2023-09-30,0.958904109589041,0.6467489683165455
camels_11381500,flow-conditional,1,728,2016-10-01,2023-09-29,2016-10-02,2023-09-30,0.9464285714285714,0.7558538279988198
camels_11381500,flow-conditional,2,726,2016-10-01,2023-09-28,2016-10-03,2023-09-30,0.940771349862259,0.7691234029864049
camels_11381500,flow-conditional,3,724,2016-10-01,2023-09-27,2016-10-04,2023-09-30,0.9392265193370166,0.7792848273350147
camels_11381500,flow-conditional,4,722,2016-10-01,2023-09-26,2016-10-05,2023-09-30,0.9404432132963989,0.7649317314453025
camels_11381500,flow-conditional,5,720,2016-10-01,2023-09-25,2016-10-06,2023-09-30,0.9361111111111111,0.7880118725789269
camels_11381500,flow-conditional,6,718,2016-10-01,2023-09-24,2016-10-07,2023-09-30,0.9275766016713092,0.8339403384584825
camels_11381500,flow-conditional,7,716,2016-10-01,2023-09-23,2016-10-08,2023-09-30,0.9245810055865922,0.8944419627392697
camels_11451100,flow-conditional,0,577,2016-10-01,2023-04-30,2016-10-01,2023-04-30,0.8509532062391681,1.0707406648070992
camels_11451100,flow-conditional,1,575,2016-10-01,2023-04-29,2016-10-02,2023-04-30,0.8173913043478261,1.3929049344783313
camels_11451100,flow-conditional,2,573,2016-10-01,2023-04-28,2016-10-03,2023-04-30,0.8237347294938918,1.4210970046511777
camels_11451100,flow-conditional,3,571,2016-10-01,2023-04-27,2016-10-04,2023-04-30,0.8266199649737302,1.4445851456066703
camels_11451100,flow-conditional,4,569,2016-10-01,2023-04-26,2016-10-05,2023-04-30,0.827768014059754,1.51223099058551
camels_11451100,flow-conditional,5,567,2016-10-01,2023-04-25,2016-10-06,2023-04-30,0.8271604938271605,1.5936186784499125
camels_11451100,flow-conditional,6,565,2016-10-01,2023-04-24,2016-10-07,2023-04-30,0.8407079646017699,1.6698853594702727
camels_11451100,flow-conditional,7,563,2016-10-01,2023-04-23,2016-10-08,2023-04-30,0.8206039076376554,1.6610662925599184
camels_11468500,flow-conditional,0,730,2016-10-01,2023-09-30,2016-10-01,2023-09-30,0.9904109589041096,0.5081217620448131
camels_11468500,flow-conditional,1,728,2016-10-01,2023-09-29,2016-10-02,2023-09-30,0.9697802197802198,0.6540800118851884
camels_11468500,flow-conditional,2,726,2016-10-01,2023-09-28,2016-10-03,2023-09-30,0.9641873278236914,0.6663812045854411
camels_11468500,flow-conditional,3,724,2016-10-01,2023-09-27,2016-10-04,2023-09-30,0.962707182320442,0.6753224602178851
camels_11468500,flow-conditional,4,722,2016-10-01,2023-09-26,2016-10-05,2023-09-30,0.9653739612188366,0.7153211082647528
camels_11468500,flow-conditional,5,720,2016-10-01,2023-09-25,2016-10-06,2023-09-30,0.9555555555555556,0.745934376538861
camels_11468500,flow-conditional,6,718,2016-10-01,2023-09-24,2016-10-07,2023-09-30,0.9554317548746518,0.8298155438191731
camels_11468500,flow-conditional,7,716,2016-10-01,2023-09-23,2016-10-08,2023-09-30,0.9301675977653632,0.8581840720409207
camels_11473900,flow-conditional,0,730,2016-10-01,2023-09-30,2016-10-01,2023-09-30,0.8767123287671232,0.755556930759735
camels_11473900,flow-conditional,1,728,2016-10-01,2023-09-29,2016-10-02,2023-09-30,0.8667582417582418,0.8932050176981489
camels_11473900,flow-conditional,2,726,2016-10-01,2023-09-28,2016-10-03,2023-09-30,0.8581267217630854,0.8987532876675882
camels_11473900,flow-conditional,3,724,2016-10-01,2023-09-27,2016-10-04,2023-09-30,0.861878453038674,0.9100823047248462
camels_11473900,flow-conditional,4,722,2016-10-01,2023-09-26,2016-10-05,2023-09-30,0.8490304709141274,0.9273850753902879
camels_11473900,flow-conditional,5,720,2016-10-01,2023-09-25,2016-10-06,2023-09-30,0.8569444444444444,0.9387062035315599
camels_11473900,flow-conditional,6,718,2016-10-01,2023-09-24,2016-10-07,2023-09-30,0.8426183844011143,0.932168614963101
camels_11473900,flow-conditional,7,716,2016-10-01,2023-09-23,2016-10-08,2023-09-30,0.8519553072625698,0.9551387343960399
camels_11475560,flow-conditional,0,730,2016-10-01,2023-09-30,2016-10-01,2023-09-30,0.9452054794520548,1.046815510670647
camels_11475560,flow-conditional,1,728,2016-10-01,2023-09-29,2016-10-02,2023-09-30,0.9258241758241759,1.3028485955587887
camels_11475560,flow-conditional,2,726,2016-10-01,2023-09-28,2016-10-03,2023-09-30,0.9297520661157025,1.3147953899697478
camels_11475560,flow-conditional,3,724,2016-10-01,2023-09-27,2016-10-04,2023-09-30,0.9267955801104972,1.311347187827712
camels_11475560,flow-conditional,4,722,2016-10-01,2023-09-26,2016-10-05,2023-09-30,0.925207756232687,1.2984729039363836
camels_11475560,flow-conditional,5,720,2016-10-01,2023-09-25,2016-10-06,2023-09-30,0.9291666666666667,1.3285267860913879
camels_11475560,flow-conditional,6,718,2016-10-01,2023-09-24,2016-10-07,2023-09-30,0.9331476323119777,1.3604694043894932
camels_11475560,flow-conditional,7,716,2016-10-01,2023-09-23,2016-10-08,2023-09-30,0.9315642458100558,1.4638127253317532
camels_11476600,flow-conditional,0,730,2016-10-01,2023-09-30,2016-10-01,2023-09-30,0.9767123287671233,1.0563668188142685
camels_11476600,flow-conditional,1,728,2016-10-01,2023-09-29,2016-10-02,2023-09-30,0.9532967032967034,1.3942255925721647
camels_11476600,flow-conditional,2,726,2016-10-01,2023-09-28,2016-10-03,2023-09-30,0.9545454545454546,1.3805605831504866
camels_11476600,flow-conditional,3,724,2016-10-01,2023-09-27,2016-10-04,2023-09-30,0.9516574585635359,1.4072175556445676
camels_11476600,flow-conditional,4,722,2016-10-01,2023-09-26,2016-10-05,2023-09-30,0.96398891966759,1.365065174766398
camels_11476600,flow-conditional,5,720,2016-10-01,2023-09-25,2016-10-06,2023-09-30,0.9583333333333334,1.4614832046124735
camels_11476600,flow-conditional,6,718,2016-10-01,2023-09-24,2016-10-07,2023-09-30,0.9498607242339833,1.443341898542338
camels_11476600,flow-conditional,7,716,2016-10-01,2023-09-23,2016-10-08,2023-09-30,0.9497206703910615,1.52814888420748
camels_11478500,flow-conditional,0,730,2016-10-01,2023-09-30,2016-10-01,2023-09-30,0.9602739726027397,1.2128383399238767
camels_11478500,flow-conditional,1,728,2016-10-01,2023-09-29,2016-10-02,2023-09-30,0.945054945054945,1.5702085378107444
camels_11478500,flow-conditional,2,726,2016-10-01,2023-09-28,2016-10-03,2023-09-30,0.9393939393939394,1.6035820579138034
camels_11478500,flow-conditional,3,724,2016-10-01,2023-09-27,2016-10-04,2023-09-30,0.93646408839779,1.6496912296948396
camels_11478500,flow-conditional,4,722,2016-10-01,2023-09-26,2016-10-05,2023-09-30,0.9335180055401662,1.6240018376012815
camels_11478500,flow-conditional,5,720,2016-10-01,2023-09-25,2016-10-06,2023-09-30,0.9291666666666667,1.670424504023738
camels_11478500,flow-conditional,6,718,2016-10-01,2023-09-24,2016-10-07,2023-09-30,0.9289693593314763,1.7162799324338336
camels_11478500,flow-conditional,7,716,2016-10-01,2023-09-23,2016-10-08,2023-09-30,0.9175977653631285,1.787626952578258
camels_11480390,flow-conditional,0,730,2016-10-01,2023-09-30,2016-10-01,2023-09-30,0.9082191780821918,0.9768463927068319
camels_11480390,flow-conditional,1,728,2016-10-01,2023-09-29,2016-10-02,2023-09-30,0.8914835164835165,1.1352721437891304
camels_11480390,flow-conditional,2,726,2016-10-01,2023-09-28,2016-10-03,2023-09-30,0.9008264462809917,1.1363195760017222
camels_11480390,flow-conditional,3,724,2016-10-01,2023-09-27,2016-10-04,2023-09-30,0.9060773480662984,1.150045735722405
camels_11480390,flow-conditional,4,722,2016-10-01,2023-09-26,2016-10-05,2023-09-30,0.909972299168975,1.142560841333607
camels_11480390,flow-conditional,5,720,2016-10-01,2023-09-25,2016-10-06,2023-09-30,0.9013888888888889,1.1864078880969038
camels_11480390,flow-conditional,6,718,2016-10-01,2023-09-24,2016-10-07,2023-09-30,0.9066852367688022,1.228477120145069
camels_11480390,flow-conditional,7,716,2016-10-01,2023-09-23,2016-10-08,2023-09-30,0.8854748603351955,1.2881906266513308
camels_11481200,flow-conditional,0,730,2016-10-01,2023-09-30,2016-10-01,2023-09-30,0.9671232876712329,0.9383317756613969
camels_11481200,flow-conditional,1,728,2016-10-01,2023-09-29,2016-10-02,2023-09-30,0.9326923076923077,1.1675274616965874
camels_11481200,flow-conditional,2,726,2016-10-01,2023-09-28,2016-10-03,2023-09-30,0.9297520661157025,1.2130671088422518
camels_11481200,flow-conditional,3,724,2016-10-01,2023-09-27,2016-10-04,2023-09-30,0.9281767955801105,1.2724125507878103
camels_11481200,flow-conditional,4,722,2016-10-01,2023-09-26,2016-10-05,2023-09-30,0.9210526315789473,1.2951171102458974
camels_11481200,flow-conditional,5,720,2016-10-01,2023-09-25,2016-10-06,2023-09-30,0.9111111111111111,1.3753406008307378
camels_11481200,flow-conditional,6,718,2016-10-01,2023-09-24,2016-10-07,2023-09-30,0.9052924791086351,1.4547552204530239
camels_11481200,flow-conditional,7,716,2016-10-01,2023-09-23,2016-10-08,2023-09-30,0.9050279329608939,1.5457893849303392
camels_11482500,flow-conditional,0,730,2016-10-01,2023-09-30,2016-10-01,2023-09-30,0.9452054794520548,0.7110442923563212
camels_11482500,flow-conditional,1,728,2016-10-01,2023-09-29,2016-10-02,2023-09-30,0.9258241758241759,0.8807064012962806
camels_11482500,flow-conditional,2,726,2016-10-01,2023-09-28,2016-10-03,2023-09-30,0.9256198347107438,0.8996074694584091
camels_11482500,flow-conditional,3,724,2016-10-01,2023-09-27,2016-10-04,2023-09-30,0.9226519337016574,0.9226248088810692
camels_11482500,flow-conditional,4,722,2016-10-01,2023-09-26,2016-10-05,2023-09-30,0.9321329639889196,0.9401375480847238
camels_11482500,flow-conditional,5,720,2016-10-01,2023-09-25,2016-10-06,2023-09-30,0.9291666666666667,1.0108655908030462
camels_11482500,flow-conditional,6,718,2016-10-01,2023-09-24,2016-10-07,2023-09-30,0.9136490250696379,1.089961068068079
camels_11482500,flow-conditional,7,716,2016-10-01,2023-09-23,2016-10-08,2023-09-30,0.909217877094972,1.1735526931789766
camels_11522500,flow-conditional,0,730,2016-10-01,2023-09-30,2016-10-01,2023-09-30,0.9561643835616438,0.6087950156397061
camels_11522500,flow-conditional,1,728,2016-10-01,2023-09-29,2016-10-02,2023-09-30,0.9532967032967034,0.6629902077210988
camels_11522500,flow-conditional,2,726,2016-10-01,2023-09-28,2016-10-03,2023-09-30,0.9476584022038568,0.6714371594400033
camels_11522500,flow-conditional,3,724,2016-10-01,2023-09-27,2016-10-04,2023-09-30,0.9544198895027625,0.6673238485351587
camels_11522500,flow-conditional,4,722,2016-10-01,2023-09-26,2016-10-05,2023-09-30,0.945983379501385,0.6776755312424683
camels_11522500,flow-conditional,5,720,2016-10-01,2023-09-25,2016-10-06,2023-09-30,0.9472222222222222,0.6859060084695103
camels_11522500,flow-conditional,6,718,2016-10-01,2023-09-24,2016-10-07,2023-09-30,0.947075208913649,0.6974014878541667
camels_11522500,flow-conditional,7,716,2016-10-01,2023-09-23,2016-10-08,2023-09-30,0.9427374301675978,0.7265960494581636
camels_11523200,flow-conditional,0,730,2016-10-01,2023-09-30,2016-10-01,2023-09-30,0.9561643835616438,0.7817749593723465
camels_11523200,flow-conditional,1,728,2016-10-01,2023-09-29,2016-10-02,2023-09-30,0.9478021978021978,0.8369898411550759
camels_11523200,flow-conditional,2,726,2016-10-01,2023-09-28,2016-10-03,2023-09-30,0.9462809917355371,0.8289778281749365
camels_11523200,flow-conditional,3,724,2016-10-01,2023-09-27,2016-10-04,2023-09-30,0.93646408839779,0.8383924367383027
camels_11523200,flow-conditional,4,722,2016-10-01,2023-09-26,2016-10-05,2023-09-30,0.9445983379501385,0.8281900524728559
camels_11523200,flow-conditional,5,720,2016-10-01,2023-09-25,2016-10-06,2023-09-30,0.9458333333333333,0.885484541916082
camels_11523200,flow-conditional,6,718,2016-10-01,2023-09-24,2016-10-07,2023-09-30,0.9373259052924791,0.9149356510967979
camels_11523200,flow-conditional,7,716,2016-10-01,2023-09-23,2016-10-08,2023-09-30,0.9385474860335196,1.009139660374513
camels_11528700,flow-conditional,0,730,2016-10-01,2023-09-30,2016-10-01,2023-09-30,0.9698630136986301,0.4976413206242505
camels_11528700,flow-conditional,1,728,2016-10-01,2023-09-29,2016-10-02,2023-09-30,0.9532967032967034,0.5821974807632219
camels_11528700,flow-conditional,2,726,2016-10-01,2023-09-28,2016-10-03,2023-09-30,0.9517906336088154,0.5927527277531105
camels_11528700,flow-conditional,3,724,2016-10-01,2023-09-27,2016-10-04,2023-09-30,0.9558011049723757,0.5966749258983339
camels_11528700,flow-conditional,4,722,2016-10-01,2023-09-26,2016-10-05,2023-09-30,0.9515235457063712,0.5906575760419706
camels_11528700,flow-conditional,5,720,2016-10-01,2023-09-25,2016-10-06,2023-09-30,0.9458333333333333,0.6299172173576381
camels_11528700,flow-conditional,6,718,2016-10-01,2023-09-24,2016-10-07,2023-09-30,0.9415041782729805,0.679055497834565
camels_11528700,flow-conditional,7,716,2016-10-01,2023-09-23,2016-10-08,2023-09-30,0.9371508379888268,0.724287127266303
camels_11532500,flow-conditional,0,730,2016-10-01,2023-09-30,2016-10-01,2023-09-30,0.9753424657534246,1.461753510320585
camels_11532500,flow-conditional,1,728,2016-10-01,2023-09-29,2016-10-02,2023-09-30,0.9601648351648352,1.7289048654745613
camels_11532500,flow-conditional,2,726,2016-10-01,2023-09-28,2016-10-03,2023-09-30,0.9600550964187328,1.782196505849051
camels_11532500,flow-conditional,3,724,2016-10-01,2023-09-27,2016-10-04,2023-09-30,0.9571823204419889,1.8081416690062662
camels_11532500,flow-conditional,4,722,2016-10-01,2023-09-26,2016-10-05,2023-09-30,0.9515235457063712,1.89491433420058
camels_11532500,flow-conditional,5,720,2016-10-01,2023-09-25,2016-10-06,2023-09-30,0.95,2.0395933792954684
camels_11532500,flow-conditional,6,718,2016-10-01,2023-09-24,2016-10-07,2023-09-30,0.9401114206128134,2.107911310318439
camels_11532500,flow-conditional,7,716,2016-10-01,2023-09-23,2016-10-08,2023-09-30,0.9329608938547486,2.218828317069216
