# LSTM vs gauge persistence by storm-size bin and lead, WY2017+WY2023, 22-basin cohort.
# VALID-DATE SCORING: a forecast issued at d for lead k is scored at valid_date v = d + k; obs, precipitation percentile, storm class and the water-year mask are all taken at v.
# Matched-lead baselines (METHODS 4.2 / make_baselines.py): persistence = obs at v-k = obs on the issue date; damped = clim(v) + alpha**k * (obs(d) - clim(d)), clipped at 0, with the 31-day smoothed training day-of-year climatology and alpha the training lag-1 anomaly autocorrelation.
# Rows require obs, LSTM, plain and damped all finite, so the three models are scored on identical days.
# mae_skill_vs_X = 1 - mae_lstm/mae_X (positive = LSTM better); winrate_vs_X = fraction of basin-days with |err_lstm| < |err_X|; rel_bias = mean(sim-obs)/mean(obs).
# pooled_nse_* are FOOTNOTE columns only: within-bin NSE is computed on a precipitation-truncated variance and is not a skill measure.
# Leads 1-7 only; time_step 0 is a nowcast with no exact persistence analogue (METHODS 4.2). storm_bin "ALL" pools every bin.
# The standing asymmetry: the LSTM never ingests observed discharge; persistence uses the gauge, which a real operator also has.
storm_bin,lead,n_basin_days,mean_obs,valid_date_first,valid_date_last,mae_lstm,rel_bias_lstm,pooled_nse_lstm,mae_persistence,rel_bias_persistence,pooled_nse_persistence,mae_damped,rel_bias_damped,pooled_nse_damped,mae_skill_vs_persistence,winrate_vs_persistence,mae_skill_vs_damped,winrate_vs_damped
dry,1,10605,2.6261868,2016-10-02,2023-09-30,0.7156760692596436,0.0048507703468203545,0.8548974394798279,0.4909677505493164,0.1275951862335205,0.8127907514572144,0.4380768314685341,0.05544465312708579,0.9097728768907029,-0.45768447817379765,0.16397925506836397,-0.6336770581099509,0.2394153701084394
dry,2,10578,2.6326125,2016-10-03,2023-09-30,0.7158353328704834,0.0029029017314314842,0.862824559211731,0.9841168522834778,0.23938944935798645,0.2858700752258301,0.7755147447408633,0.06331884319442514,0.7550613478595185,0.2726114472996699,0.27226318774815655,0.07695458052228488,0.36386840612592175
dry,3,10554,2.6383421,2016-10-04,2023-09-30,0.7443773150444031,0.01702578365802765,0.8143535852432251,1.2817052602767944,0.2752804458141327,-0.10897576808929443,0.9491719683228741,0.017630831408979794,0.6935821741048238,0.41922894590941373,0.3494409702482471,0.2157613795109542,0.4341481902596172
dry,4,10521,2.6462183,2016-10-05,2023-09-30,0.752591609954834,0.017510900273919106,0.8553474545478821,1.4823005199432373,0.299818754196167,-0.2499370574951172,1.0533288321272347,-0.025127815070437355,0.665529381716665,0.49228135602107626,0.3907423248740614,0.28551124112405746,0.4626936602984507
dry,5,10480,2.656113,2016-10-06,2023-09-30,0.8003982901573181,0.029689477756619453,0.7961064577102661,1.6167901754379272,0.3210880160331726,-0.34705281257629395,1.1340476799812382,-0.06314424326380855,0.6424266550541426,0.5049460948508544,0.4480916030534351,0.29421107746496167,0.4941793893129771
dry,6,10436,2.6667511,2016-10-07,2023-09-30,0.8529608249664307,0.029424261301755905,0.69475257396698,1.7336102724075317,0.32407715916633606,-0.39299607276916504,1.204810862496744,-0.10079690306409855,0.615926480885786,0.5079858267210825,0.4743196627060176,0.2920375707778483,0.5075699501724799
dry,7,10395,2.6768482,2016-10-08,2023-09-30,0.8417566418647766,0.0049131810665130615,0.7702585458755493,1.8521596193313599,0.3160300552845001,-0.43020451068878174,1.2600423073239757,-0.13354831736964132,0.5858954452856999,0.5455269442875255,0.5103415103415103,0.33196160400957997,0.51996151996152
wet <=P50,1,2364,4.868609,2016-10-02,2023-09-30,1.3972299098968506,0.011726152151823044,0.7894597053527832,1.0182307958602905,0.14626550674438477,0.7464264631271362,0.8149665451900738,0.046572225636723724,0.8958715956792281,-0.3722133681061457,0.2263113367174281,-0.7144629042054433,0.2652284263959391
wet <=P50,2,2359,4.8784924,2016-10-03,2023-09-30,1.3480662107467651,0.001391847152262926,0.7969870567321777,1.6904101371765137,0.1417648196220398,0.29940909147262573,1.4091169185527666,-0.034783632223049844,0.7468953110074852,0.20252122186250276,0.3493005510809665,0.043325509049102595,0.4086477320898686
wet <=P50,3,2343,4.9105563,2016-10-04,2023-09-30,1.4136494398117065,0.007368461694568396,0.7706879377365112,2.0859029293060303,0.1385377198457718,0.2849898934364319,1.7699332769238942,-0.09176327654859935,0.6597962862472204,0.32228416770955837,0.41698676909944515,0.20129789171002044,0.4959453691848058
wet <=P50,4,2332,4.9330645,2016-10-05,2023-09-30,1.43378746509552,0.008229981176555157,0.7434120178222656,2.3134891986846924,0.14183740317821503,0.18397480249404907,2.007082991592008,-0.13603026273531102,0.5949917954945418,0.3802489045936833,0.4532590051457976,0.2856361839037622,0.5403087478559176
wet <=P50,5,2329,4.9389844,2016-10-07,2023-09-30,1.5011768341064453,0.001711966237053275,0.7610939145088196,2.5019724369049072,0.14238235354423523,0.09368449449539185,2.156000591544843,-0.17835943016575465,0.5614099326875266,0.4000026491245072,0.4727350794332332,0.30372151102667166,0.5611850579647918
wet <=P50,6,2329,4.9389844,2016-10-07,2023-09-30,1.6393002271652222,0.015463218092918396,0.5032203197479248,2.829235315322876,0.17387254536151886,-0.19066238403320312,2.2401380907879647,-0.20206164409694372,0.5175664412303076,0.4205854075527319,0.5036496350364964,0.2682146543079399,0.5611850579647918
wet <=P50,7,2326,4.9449143,2016-10-13,2023-09-30,1.7611044645309448,0.03155721351504326,0.41030269861221313,3.001145362854004,0.17711026966571808,-0.20595049858093262,2.281582717469938,-0.23190701013688447,0.5110911795988331,0.41318921558128574,0.5232158211521926,0.2281215793552972,0.5640584694754944
P50-P80,1,1550,6.5919123,2016-10-02,2023-09-30,2.0758187770843506,-0.0165395550429821,0.7345373630523682,1.752931833267212,0.062248945236206055,0.6552510261535645,1.4744191706529006,-0.0547830355792106,0.8312933107362962,-0.18419823160797066,0.30193548387096775,-0.40788916639298645,0.3367741935483871
P50-P80,2,1538,6.642362,2016-10-03,2023-09-30,2.0810251235961914,-0.03578982874751091,0.7301415205001831,2.3942959308624268,-0.08082041889429092,0.5537010431289673,2.424709038624567,-0.22428850146489146,0.5871520783683664,0.1308404709827975,0.4213263979193758,0.14174233260718683,0.47919375812743825
P50-P80,3,1534,6.6594877,2016-10-13,2023-09-30,2.12953519821167,-0.03929859399795532,0.7310538291931152,2.8923375606536865,-0.07858698815107346,0.42654961347579956,2.832256077793573,-0.2704375570051923,0.508879679425961,0.26373213584019506,0.4876140808344198,0.24811346865547101,0.5586701434159062
P50-P80,4,1534,6.6594877,2016-10-13,2023-09-30,2.229192018508911,-0.03773225471377373,0.7090935111045837,3.372955799102783,-0.06337344646453857,0.05989265441894531,3.1998167705010334,-0.30810057909006017,0.3877920209040209,0.33909836022699047,0.5071707953063885,0.3033376038716554,0.5775749674054759
P50-P80,5,1534,6.6594877,2016-10-13,2023-09-30,2.284756898880005,-0.03923851251602173,0.6862220764160156,3.683393955230713,-0.12527532875537872,-0.005088210105895996,3.4344204674843,-0.3561544531866956,0.2862842308843646,0.3797142182862444,0.5312907431551499,0.3347474718045864,0.5925684485006519
P50-P80,6,1534,6.6594877,2016-10-13,2023-09-30,2.4068145751953125,-0.040241435170173645,0.646115779876709,3.7665276527404785,-0.11408630758523941,-0.05091392993927002,3.451187350128769,-0.3775266630272782,0.28842580518135785,0.36099909595933954,0.545632333767927,0.3026125993694574,0.5984354628422425
P50-P80,7,1534,6.6594877,2016-10-13,2023-09-30,2.7168633937835693,0.011598595418035984,0.3964541554450989,3.9112660884857178,-0.10907310992479324,0.0529215931892395,3.5246771496057905,-0.3919064667228273,0.2645352860128086,0.30537495217170774,0.5580182529335072,0.22918801397528543,0.5873533246414603
P80-P95,1,931,9.917524,2016-10-14,2023-09-30,4.097116470336914,-0.29366955161094666,0.5981386303901672,3.558345079421997,-0.23224860429763794,0.6416075825691223,3.758615936737103,-0.33067450526429504,0.6409452673261814,-0.15141066391526947,0.3544575725026853,-0.09005988887858218,0.38990332975295383
P80-P95,2,931,9.917524,2016-10-14,2023-09-30,4.161036491394043,-0.3127783238887787,0.5915763974189758,4.405636787414551,-0.3565047085285187,0.4778076410293579,5.011790514244572,-0.47858928138744294,0.3620262888447454,0.05551985055128694,0.45112781954887216,0.16975051539614538,0.5037593984962406
P80-P95,3,931,9.917524,2016-10-14,2023-09-30,4.271188259124756,-0.29552575945854187,0.5691535472869873,4.913313865661621,-0.40414056181907654,0.41621774435043335,5.77473556067275,-0.5422629393482873,0.22765187381972185,0.13069093977988666,0.4940923737916219,0.2603664333631984,0.569280343716434
P80-P95,4,931,9.917524,2016-10-14,2023-09-30,4.294882297515869,-0.29066377878189087,0.5664098262786865,5.633450031280518,-0.46249812841415405,0.24782800674438477,6.240752269663124,-0.5898354859093443,0.10894749920830382,0.23761065179100982,0.5628356605800214,0.31180054712415195,0.6240601503759399
P80-P95,5,931,9.917524,2016-10-14,2023-09-30,4.3867950439453125,-0.2848738133907318,0.5400394201278687,6.128621578216553,-0.49062275886535645,0.13359850645065308,6.547411581355812,-0.6126012575672848,0.049242449343212424,0.2842117941271416,0.5810955961331902,0.32999552732609605,0.640171858216971
P80-P95,6,931,9.917524,2016-10-14,2023-09-30,4.048731327056885,-0.27746033668518066,0.6110668182373047,6.758656978607178,-0.5292841196060181,-0.017412304878234863,6.758722743386876,-0.6345466918586861,-0.012682761121499242,0.4009562343713964,0.644468313641246,0.4009620632806107,0.6519871106337272
P80-P95,7,931,9.917524,2016-10-14,2023-09-30,4.748965740203857,-0.23098722100257874,0.43322086334228516,7.3573431968688965,-0.4841803014278412,-0.2227950096130371,6.861850435015956,-0.6364764961430543,-0.030947557793890468,0.35452708768229,0.6272824919441461,0.30791762583895277,0.6455424274973147
>P95,1,413,17.133614,2016-10-14,2023-03-29,10.936580657958984,-0.6092705130577087,0.17603379487991333,10.117466926574707,-0.5277185440063477,0.25147706270217896,10.708377982194262,-0.5871270477465348,0.1728206652251949,-0.08096035671070778,0.3922518159806295,-0.021310666857686122,0.4067796610169492
>P95,2,413,17.133614,2016-10-14,2023-03-29,10.9959077835083,-0.6178259253501892,0.16063684225082397,11.745280265808105,-0.5922564268112183,0.04375314712524414,12.451266187977637,-0.6750538004766804,-0.04346896712939308,0.0638020094319347,0.5230024213075061,0.1168843700309421,0.5157384987893463
>P95,3,413,17.133614,2016-10-14,2023-03-29,11.042174339294434,-0.6138100028038025,0.1542677879333496,12.487373352050781,-0.6698473691940308,-0.07641410827636719,13.216538601309988,-0.7476957019878695,-0.1837122367719779,0.1157328264329508,0.5690072639225182,0.16451843615090245,0.5714285714285714
>P95,4,413,17.133614,2016-10-14,2023-03-29,10.68325424194336,-0.6060590147972107,0.18660509586334229,12.563138008117676,-0.7182314395904541,-0.08586347103118896,13.591310109041633,-0.7858117296104842,-0.24249443460111952,0.14963488938509062,0.5835351089588378,0.21396435249929924,0.6004842615012107
>P95,5,413,17.133614,2016-10-14,2023-03-29,10.388518333435059,-0.5865657329559326,0.21497958898544312,12.757220268249512,-0.6776722073554993,-0.19413387775421143,13.605064692464937,-0.7865250207764298,-0.26351772499249715,0.18567539675627753,0.6029055690072639,0.23642271696152528,0.5980629539951574
>P95,6,413,17.133614,2016-10-14,2023-03-29,10.651634216308594,-0.5808782577514648,0.21821242570877075,13.759933471679688,-0.7069463729858398,-0.304301381111145,13.874052992667696,-0.7990882029322942,-0.30465947205427324,0.22589493341435907,0.6295399515738499,0.23226225084062457,0.5883777239709443
>P95,7,413,17.133614,2016-10-14,2023-03-29,10.806699752807617,-0.5811115503311157,0.17231875658035278,15.134357452392578,-0.747264564037323,-0.4757230281829834,14.165655555104783,-0.810849212297581,-0.34231297744742784,0.2859492193968767,0.6973365617433414,0.2371196863590772,0.6222760290556901
ALL,1,15863,4.1534996,2016-10-02,2023-09-30,1.4147096872329712,-0.10505504161119461,0.6735592484474182,1.123506784439087,-8.444968989351764e-05,0.6729636192321777,1.057780178327782,-0.08631995245075391,0.7153117345601845,-0.25919104969114004,0.20387064237533883,-0.337432593480292,0.2659648238038202
ALL,2,15819,4.164706,2016-10-03,2023-09-30,1.4139987230300903,-0.11427440494298935,0.6713285446166992,1.7088655233383179,-0.0001565270940773189,0.41896551847457886,1.5844904347010473,-0.15367072824958636,0.5427796769900529,0.17255120211694408,0.31531702383210064,0.10760034136976304,0.39395663442695494
ALL,3,15775,4.1759458,2016-10-04,2023-09-30,1.4562244415283203,-0.10496586561203003,0.6519798040390015,2.0654714107513428,-0.00023009530559647828,0.2733957767486572,1.8601524370316953,-0.20683248874142587,0.45809540741408983,0.2949675149468183,0.38719492868462757,0.21714779254754835,0.46700475435816163
ALL,4,15731,4.187262,2016-10-05,2023-09-30,1.467923879623413,-0.10286365449428558,0.6625193357467651,2.326474666595459,-0.0003216275363229215,0.15668940544128418,2.0402047259069573,-0.249257302418713,0.3982093113166537,0.3690350895711412,0.42660987858368826,0.2805016766291144,0.49856970313393933
ALL,5,15687,4.1986365,2016-10-06,2023-09-30,1.5148719549179077,-0.0961931124329567,0.6488535404205322,2.5113699436187744,-0.00044775629066862166,0.07462704181671143,2.160328804823262,-0.28345618473884826,0.362676188986631,0.3967945826670828,0.47185567667495376,0.2987771345103921,0.5251482118951999
ALL,6,15643,4.210072,2016-10-07,2023-09-30,1.5713083744049072,-0.09241965413093567,0.6061571836471558,2.71266770362854,-0.000543086847756058,-0.01964724063873291,2.2442730888975047,-0.3112685822174276,0.3326107193734549,0.42075161941026495,0.4999041104647446,0.2998586570510411,0.5351914594387266
ALL,7,15599,4.2216005,2016-10-08,2023-09-30,1.6602674722671509,-0.08544272184371948,0.5457701683044434,2.9062068462371826,-0.0006328298477455974,-0.0890653133392334,2.3110939439849485,-0.33410118080404927,0.31062096852128496,0.42871668807167473,0.5288800564138727,0.2816096997751625,0.5433681646259375
